PRODUCT_ID,PRODUCT_LINK
COMGG3S9DVFEZAFC,https://www.flipkart.com/product/p/item?pid=COMGG3S9DVFEZAFC
COMGG3S9HPZAGCGN,https://www.flipkart.com/product/p/item?pid=COMGG3S9HPZAGCGN
COMG9FSFBZCGXTRT,https://www.flipkart.com/product/p/item?pid=COMG9FSFBZCGXTRT
COMGFHNGGWNDVGSY,https://www.flipkart.com/product/p/item?pid=COMGFHNGGWNDVGSY
COMGA5TUCZAV4HGH,https://www.flipkart.com/product/p/item?pid=COMGA5TUCZAV4HGH
COMGEFYGG4HXWVWY,https://www.flipkart.com/product/p/item?pid=COMGEFYGG4HXWVWY
COMG5YDPYEB7ZAKK,https://www.flipkart.com/product/p/item?pid=COMG5YDPYEB7ZAKK
COMGPU47C7YK7AJ7,https://www.flipkart.com/product/p/item?pid=COMGPU47C7YK7AJ7
COMFXEKMGNHZYFH9,https://www.flipkart.com/product/p/item?pid=COMFXEKMGNHZYFH9
COMGZYRYCB3JVMJS,https://www.flipkart.com/product/p/item?pid=COMGZYRYCB3JVMJS
COMGPU47QYDMZKGX,https://www.flipkart.com/product/p/item?pid=COMGPU47QYDMZKGX
COMGZ7YCWHTPFVYY,https://www.flipkart.com/product/p/item?pid=COMGZ7YCWHTPFVYY
COMGGTT4VFWG3FFM,https://www.flipkart.com/product/p/item?pid=COMGGTT4VFWG3FFM
COMGGJZFJRZY45WX,https://www.flipkart.com/product/p/item?pid=COMGGJZFJRZY45WX
COMGEMH5FTFWZZFZ,https://www.flipkart.com/product/p/item?pid=COMGEMH5FTFWZZFZ
COMGKW2NSU4SPZSG,https://www.flipkart.com/product/p/item?pid=COMGKW2NSU4SPZSG
COMGPU477FG8SJWU,https://www.flipkart.com/product/p/item?pid=COMGPU477FG8SJWU
COMGZ7YCXY6GWEGZ,https://www.flipkart.com/product/p/item?pid=COMGZ7YCXY6GWEGZ
COMGDSFCWQY5EFZB,https://www.flipkart.com/product/p/item?pid=COMGDSFCWQY5EFZB
COMGZ4PNGVCPNUBF,https://www.flipkart.com/product/p/item?pid=COMGZ4PNGVCPNUBF
COMGMM3HY5EMNFZA,https://www.flipkart.com/product/p/item?pid=COMGMM3HY5EMNFZA
COMGAGRYXAWSHSRM,https://www.flipkart.com/product/p/item?pid=COMGAGRYXAWSHSRM
COMGZVGHE9QU8C6M,https://www.flipkart.com/product/p/item?pid=COMGZVGHE9QU8C6M
COMGG3S9ZPRYMXS5,https://www.flipkart.com/product/p/item?pid=COMGG3S9ZPRYMXS5
COMGZ3SPX55WFP2V,https://www.flipkart.com/product/p/item?pid=COMGZ3SPX55WFP2V
COMGFRHGDB9G3Z9C,https://www.flipkart.com/product/p/item?pid=COMGFRHGDB9G3Z9C
COMGHA9RYJRG8JE6,https://www.flipkart.com/product/p/item?pid=COMGHA9RYJRG8JE6
COMGH3UFDF63TZYW,https://www.flipkart.com/product/p/item?pid=COMGH3UFDF63TZYW
COMGCGSTVVGKQTVA,https://www.flipkart.com/product/p/item?pid=COMGCGSTVVGKQTVA
COMGZSFYTH3A4MVB,https://www.flipkart.com/product/p/item?pid=COMGZSFYTH3A4MVB
COMGEHP5XGRNQBA4,https://www.flipkart.com/product/p/item?pid=COMGEHP5XGRNQBA4
COMGPU47HC2SFAES,https://www.flipkart.com/product/p/item?pid=COMGPU47HC2SFAES
COMGN5FVZZYEPYJ3,https://www.flipkart.com/product/p/item?pid=COMGN5FVZZYEPYJ3
COMGZ4PNXHHPKZCS,https://www.flipkart.com/product/p/item?pid=COMGZ4PNXHHPKZCS
COMGHN4MYVNWWQHG,https://www.flipkart.com/product/p/item?pid=COMGHN4MYVNWWQHG
COMGP24QHAAUK7JE,https://www.flipkart.com/product/p/item?pid=COMGP24QHAAUK7JE
COMGGR9S3YGZUHDZ,https://www.flipkart.com/product/p/item?pid=COMGGR9S3YGZUHDZ
COMGZ7YCDCSJNRZK,https://www.flipkart.com/product/p/item?pid=COMGZ7YCDCSJNRZK
COMGEG3ZNYZDAYVJ,https://www.flipkart.com/product/p/item?pid=COMGEG3ZNYZDAYVJ
COMGCG2GXUAAMYJF,https://www.flipkart.com/product/p/item?pid=COMGCG2GXUAAMYJF
COMGGQE9MNNXQUYS,https://www.flipkart.com/product/p/item?pid=COMGGQE9MNNXQUYS
COMGPU47RB5ZN33D,https://www.flipkart.com/product/p/item?pid=COMGPU47RB5ZN33D
COMGHF6JY8NYFVHC,https://www.flipkart.com/product/p/item?pid=COMGHF6JY8NYFVHC
COMGFM5BFZHDDB4R,https://www.flipkart.com/product/p/item?pid=COMGFM5BFZHDDB4R
COMGKC6Y2KA8HMFT,https://www.flipkart.com/product/p/item?pid=COMGKC6Y2KA8HMFT
COMGMV6VGZVHZ6XT,https://www.flipkart.com/product/p/item?pid=COMGMV6VGZVHZ6XT
COMGGQE9YYRZWNTG,https://www.flipkart.com/product/p/item?pid=COMGGQE9YYRZWNTG
COMGGQE9GJJK6HGR,https://www.flipkart.com/product/p/item?pid=COMGGQE9GJJK6HGR
COMGZS9GBHXJEDNV,https://www.flipkart.com/product/p/item?pid=COMGZS9GBHXJEDNV
COMGE73KYN76YZC7,https://www.flipkart.com/product/p/item?pid=COMGE73KYN76YZC7
COMGP26H8PHCAMZE,https://www.flipkart.com/product/p/item?pid=COMGP26H8PHCAMZE
COMGZ3SPZMUK8GYF,https://www.flipkart.com/product/p/item?pid=COMGZ3SPZMUK8GYF
COMGZ4PNYD7RRMTS,https://www.flipkart.com/product/p/item?pid=COMGZ4PNYD7RRMTS
COMGHA9RQKTUPZ3V,https://www.flipkart.com/product/p/item?pid=COMGHA9RQKTUPZ3V
COMGNJMCCHSS98VZ,https://www.flipkart.com/product/p/item?pid=COMGNJMCCHSS98VZ
COMGNY4F2QYD87BE,https://www.flipkart.com/product/p/item?pid=COMGNY4F2QYD87BE
COMGEHP5KH7CCPVH,https://www.flipkart.com/product/p/item?pid=COMGEHP5KH7CCPVH
COMGEHP5QMDCEWGK,https://www.flipkart.com/product/p/item?pid=COMGEHP5QMDCEWGK
COMGZ4PNH9ZQVZXC,https://www.flipkart.com/product/p/item?pid=COMGZ4PNH9ZQVZXC
COMGKNA68SH9C54B,https://www.flipkart.com/product/p/item?pid=COMGKNA68SH9C54B
COMGCRQZQDZRA53F,https://www.flipkart.com/product/p/item?pid=COMGCRQZQDZRA53F
COMGZSFYTH3A4MVB,https://www.flipkart.com/product/p/item?pid=COMGZSFYTH3A4MVB
COMGJ5TZFKZTRBSX,https://www.flipkart.com/product/p/item?pid=COMGJ5TZFKZTRBSX
COMGZ3MYJ2Z22ZAS,https://www.flipkart.com/product/p/item?pid=COMGZ3MYJ2Z22ZAS
COMGHAGNPKH4AR8V,https://www.flipkart.com/product/p/item?pid=COMGHAGNPKH4AR8V
COMGHR2J9RX2GG2G,https://www.flipkart.com/product/p/item?pid=COMGHR2J9RX2GG2G
COMGHPY3GWDBV42P,https://www.flipkart.com/product/p/item?pid=COMGHPY3GWDBV42P
COMGZ7YCAAFEHRYV,https://www.flipkart.com/product/p/item?pid=COMGZ7YCAAFEHRYV
COMGZ4PN42GHPHYE,https://www.flipkart.com/product/p/item?pid=COMGZ4PN42GHPHYE
COMGZDQJCTDUXGTX,https://www.flipkart.com/product/p/item?pid=COMGZDQJCTDUXGTX
COMGN2YDH9WVHY2H,https://www.flipkart.com/product/p/item?pid=COMGN2YDH9WVHY2H
COMGKC6YXBYAVU4F,https://www.flipkart.com/product/p/item?pid=COMGKC6YXBYAVU4F
COMGZZUAHCVXGZFS,https://www.flipkart.com/product/p/item?pid=COMGZZUAHCVXGZFS
COMGAE6BUHSSQAGF,https://www.flipkart.com/product/p/item?pid=COMGAE6BUHSSQAGF
COMGAGRYXAWSHSRM,https://www.flipkart.com/product/p/item?pid=COMGAGRYXAWSHSRM
COMGMGSJZQGQXKGZ,https://www.flipkart.com/product/p/item?pid=COMGMGSJZQGQXKGZ
COMGBVJMD2KJ5GGH,https://www.flipkart.com/product/p/item?pid=COMGBVJMD2KJ5GGH
COMGGYEBMHTFBDJA,https://www.flipkart.com/product/p/item?pid=COMGGYEBMHTFBDJA
COMGHYFYXXJT5FPZ,https://www.flipkart.com/product/p/item?pid=COMGHYFYXXJT5FPZ
COMGGKKZHDJBZXJX,https://www.flipkart.com/product/p/item?pid=COMGGKKZHDJBZXJX
COMGFA5FCNKUTPHG,https://www.flipkart.com/product/p/item?pid=COMGFA5FCNKUTPHG
COMGNY4FMEF9ZWT2,https://www.flipkart.com/product/p/item?pid=COMGNY4FMEF9ZWT2
COMGNFVDJQZEVH6X,https://www.flipkart.com/product/p/item?pid=COMGNFVDJQZEVH6X
COMGNGEBJTGS365F,https://www.flipkart.com/product/p/item?pid=COMGNGEBJTGS365F
COMGHMH6GVJ79VCH,https://www.flipkart.com/product/p/item?pid=COMGHMH6GVJ79VCH
COMGG3S9HWSFYNHW,https://www.flipkart.com/product/p/item?pid=COMGG3S9HWSFYNHW
COMGKAVGAGWWHZ2Y,https://www.flipkart.com/product/p/item?pid=COMGKAVGAGWWHZ2Y
COMGPYZR5ZW5HFGD,https://www.flipkart.com/product/p/item?pid=COMGPYZR5ZW5HFGD
COMGMV6VGGS4RHD8,https://www.flipkart.com/product/p/item?pid=COMGMV6VGGS4RHD8
COMGNY4VRQEC4XHH,https://www.flipkart.com/product/p/item?pid=COMGNY4VRQEC4XHH
COMGB732ZPGYB2JP,https://www.flipkart.com/product/p/item?pid=COMGB732ZPGYB2JP
COMGGR9S3YGZUHDZ,https://www.flipkart.com/product/p/item?pid=COMGGR9S3YGZUHDZ
COMGMGXFQZGYKEZG,https://www.flipkart.com/product/p/item?pid=COMGMGXFQZGYKEZG
COMGNRNUB4YZPDHM,https://www.flipkart.com/product/p/item?pid=COMGNRNUB4YZPDHM
COMG9VKERHP4FACH,https://www.flipkart.com/product/p/item?pid=COMG9VKERHP4FACH
COMGCGST9RM6UYQP,https://www.flipkart.com/product/p/item?pid=COMGCGST9RM6UYQP
COMGGQE9C2WNTEQ2,https://www.flipkart.com/product/p/item?pid=COMGGQE9C2WNTEQ2
COMGNY4VWHZKRSHT,https://www.flipkart.com/product/p/item?pid=COMGNY4VWHZKRSHT
COMG9UD4KTCKZ8GU,https://www.flipkart.com/product/p/item?pid=COMG9UD4KTCKZ8GU
COMGGMEYJVXAET6G,https://www.flipkart.com/product/p/item?pid=COMGGMEYJVXAET6G
COMGHYYKBZACVTBS,https://www.flipkart.com/product/p/item?pid=COMGHYYKBZACVTBS
COMGGJZVRQHWHDVH,https://www.flipkart.com/product/p/item?pid=COMGGJZVRQHWHDVH
COMGHQ3ZEP8YS3KZ,https://www.flipkart.com/product/p/item?pid=COMGHQ3ZEP8YS3KZ
COMGHZGHYVZZ5K3Y,https://www.flipkart.com/product/p/item?pid=COMGHZGHYVZZ5K3Y
COMGZ4PN8QF8ZGQQ,https://www.flipkart.com/product/p/item?pid=COMGZ4PN8QF8ZGQQ
COMGAX8EYBZZDXY6,https://www.flipkart.com/product/p/item?pid=COMGAX8EYBZZDXY6
COMGMXKHJWDAXEWJ,https://www.flipkart.com/product/p/item?pid=COMGMXKHJWDAXEWJ
COMGAY9Y7WXZYFDA,https://www.flipkart.com/product/p/item?pid=COMGAY9Y7WXZYFDA
COMGMNCQ4WJFHAKQ,https://www.flipkart.com/product/p/item?pid=COMGMNCQ4WJFHAKQ
COMGNRNUUGYRB96A,https://www.flipkart.com/product/p/item?pid=COMGNRNUUGYRB96A
COMGZS9GHNQCJC26,https://www.flipkart.com/product/p/item?pid=COMGZS9GHNQCJC26
COMGCWBEFHWXXY5A,https://www.flipkart.com/product/p/item?pid=COMGCWBEFHWXXY5A
COMGMGXFQ3QGPJCV,https://www.flipkart.com/product/p/item?pid=COMGMGXFQ3QGPJCV
COMGZ7YCAXM2AFNU,https://www.flipkart.com/product/p/item?pid=COMGZ7YCAXM2AFNU
COMGHZGHHG7UTT9B,https://www.flipkart.com/product/p/item?pid=COMGHZGHHG7UTT9B
COMGHZGH32RFFMVZ,https://www.flipkart.com/product/p/item?pid=COMGHZGH32RFFMVZ
COMGHZGHAYFEUYJC,https://www.flipkart.com/product/p/item?pid=COMGHZGHAYFEUYJC
COMG5YDPM8FZZWMQ,https://www.flipkart.com/product/p/item?pid=COMG5YDPM8FZZWMQ
COMGMXGVHCR5GR96,https://www.flipkart.com/product/p/item?pid=COMGMXGVHCR5GR96
COMGG63HRV3GFN4G,https://www.flipkart.com/product/p/item?pid=COMGG63HRV3GFN4G
COMGZDQJ4KUZRCGJ,https://www.flipkart.com/product/p/item?pid=COMGZDQJ4KUZRCGJ
COMGMGXFZ69GMKC2,https://www.flipkart.com/product/p/item?pid=COMGMGXFZ69GMKC2
COMGZMKFE8PZW4YH,https://www.flipkart.com/product/p/item?pid=COMGZMKFE8PZW4YH
COMGJ75HG3KKPEQS,https://www.flipkart.com/product/p/item?pid=COMGJ75HG3KKPEQS
COMGHPPSYJ6FDVGG,https://www.flipkart.com/product/p/item?pid=COMGHPPSYJ6FDVGG
COMGCG2GXGJGEYUW,https://www.flipkart.com/product/p/item?pid=COMGCG2GXGJGEYUW
COMGHMH6ZCGDH57Y,https://www.flipkart.com/product/p/item?pid=COMGHMH6ZCGDH57Y
COMGZKHQVMNZXEAH,https://www.flipkart.com/product/p/item?pid=COMGZKHQVMNZXEAH
COMGBHZB9KWHERHT,https://www.flipkart.com/product/p/item?pid=COMGBHZB9KWHERHT
COMGG3S9WZXTUHH2,https://www.flipkart.com/product/p/item?pid=COMGG3S9WZXTUHH2
COMGHA9RYJRG8JE6,https://www.flipkart.com/product/p/item?pid=COMGHA9RYJRG8JE6
COMGHMH6V9G5BHAX,https://www.flipkart.com/product/p/item?pid=COMGHMH6V9G5BHAX
COMGNGEBQEFXQKWF,https://www.flipkart.com/product/p/item?pid=COMGNGEBQEFXQKWF
COMGM2MARRZZBPEF,https://www.flipkart.com/product/p/item?pid=COMGM2MARRZZBPEF
COMGMV6VHGPAGP55,https://www.flipkart.com/product/p/item?pid=COMGMV6VHGPAGP55
COMGZ7YCE88QP2XM,https://www.flipkart.com/product/p/item?pid=COMGZ7YCE88QP2XM
COMGMM3HXJC3TYYH,https://www.flipkart.com/product/p/item?pid=COMGMM3HXJC3TYYH
COMGH3UFDF63TZYW,https://www.flipkart.com/product/p/item?pid=COMGH3UFDF63TZYW
COMGZ4PNFDZXHZ63,https://www.flipkart.com/product/p/item?pid=COMGZ4PNFDZXHZ63
COMG9UMZXYRPNNMS,https://www.flipkart.com/product/p/item?pid=COMG9UMZXYRPNNMS
COMGZP4BSFGAXTUH,https://www.flipkart.com/product/p/item?pid=COMGZP4BSFGAXTUH
COMGZ7FRS3ZG6TYB,https://www.flipkart.com/product/p/item?pid=COMGZ7FRS3ZG6TYB
COMGCRQZ22CJGEXB,https://www.flipkart.com/product/p/item?pid=COMGCRQZ22CJGEXB
COMGJ75HFJAUBR3H,https://www.flipkart.com/product/p/item?pid=COMGJ75HFJAUBR3H
COMGMSV98MBHV8XH,https://www.flipkart.com/product/p/item?pid=COMGMSV98MBHV8XH
COMGJ75HAXTTTV58,https://www.flipkart.com/product/p/item?pid=COMGJ75HAXTTTV58
COMGGVRGA4U2ZEYZ,https://www.flipkart.com/product/p/item?pid=COMGGVRGA4U2ZEYZ
COMGZDQJY7EPFK6B,https://www.flipkart.com/product/p/item?pid=COMGZDQJY7EPFK6B
COMG9NYDG58ZZVZZ,https://www.flipkart.com/product/p/item?pid=COMG9NYDG58ZZVZZ
COMGGVRGTU268GZK,https://www.flipkart.com/product/p/item?pid=COMGGVRGTU268GZK
COMGHQ3NWPPAPYF4,https://www.flipkart.com/product/p/item?pid=COMGHQ3NWPPAPYF4
COMGJY3GHZFTGHHY,https://www.flipkart.com/product/p/item?pid=COMGJY3GHZFTGHHY
COMGB6DZKZZVUQSW,https://www.flipkart.com/product/p/item?pid=COMGB6DZKZZVUQSW
COMGNGEBCMKXFR7F,https://www.flipkart.com/product/p/item?pid=COMGNGEBCMKXFR7F
COMGMV6VNCJ7TTYV,https://www.flipkart.com/product/p/item?pid=COMGMV6VNCJ7TTYV
COMGZ7FRZDEQHNYQ,https://www.flipkart.com/product/p/item?pid=COMGZ7FRZDEQHNYQ
COMGZNSBVNP7A9AP,https://www.flipkart.com/product/p/item?pid=COMGZNSBVNP7A9AP
COMGZUGTXD2UETC3,https://www.flipkart.com/product/p/item?pid=COMGZUGTXD2UETC3
COMGZNSBHXBGPG4X,https://www.flipkart.com/product/p/item?pid=COMGZNSBHXBGPG4X
COMGG3S93DSUQPMU,https://www.flipkart.com/product/p/item?pid=COMGG3S93DSUQPMU
COMGFB2GSG8EQXCQ,https://www.flipkart.com/product/p/item?pid=COMGFB2GSG8EQXCQ
COMGHAGN3U9FJH39,https://www.flipkart.com/product/p/item?pid=COMGHAGN3U9FJH39
COMGFB2GMCRXZG85,https://www.flipkart.com/product/p/item?pid=COMGFB2GMCRXZG85
COMGMGXFB2KYFGZN,https://www.flipkart.com/product/p/item?pid=COMGMGXFB2KYFGZN
COMG9UD4UN2ZZGDM,https://www.flipkart.com/product/p/item?pid=COMG9UD4UN2ZZGDM
COMGGQE9YYRZWNTG,https://www.flipkart.com/product/p/item?pid=COMGGQE9YYRZWNTG
COMGCWBEUEYYC7WH,https://www.flipkart.com/product/p/item?pid=COMGCWBEUEYYC7WH
COMGZVGHPYZHHFRB,https://www.flipkart.com/product/p/item?pid=COMGZVGHPYZHHFRB
COMGGY7XWMEH7PRG,https://www.flipkart.com/product/p/item?pid=COMGGY7XWMEH7PRG
COMG49CZ8SVW7TWD,https://www.flipkart.com/product/p/item?pid=COMG49CZ8SVW7TWD
COMGZ7YCAAFEHRYV,https://www.flipkart.com/product/p/item?pid=COMGZ7YCAAFEHRYV
COMGZMKFJQVRBFMJ,https://www.flipkart.com/product/p/item?pid=COMGZMKFJQVRBFMJ
COMGHPPSM6JR8XKT,https://www.flipkart.com/product/p/item?pid=COMGHPPSM6JR8XKT
COMGH8YQ6NGY6EUT,https://www.flipkart.com/product/p/item?pid=COMGH8YQ6NGY6EUT
COMGNFU7MHGWNHHA,https://www.flipkart.com/product/p/item?pid=COMGNFU7MHGWNHHA
COMGZMKFNHPQGNJV,https://www.flipkart.com/product/p/item?pid=COMGZMKFNHPQGNJV
COMGMXGVQSHDYHHZ,https://www.flipkart.com/product/p/item?pid=COMGMXGVQSHDYHHZ
COMGDN5WZZKSNWN5,https://www.flipkart.com/product/p/item?pid=COMGDN5WZZKSNWN5
COMGEH36WHXAZ66G,https://www.flipkart.com/product/p/item?pid=COMGEH36WHXAZ66G
COMGH2NJXPGRZJ8V,https://www.flipkart.com/product/p/item?pid=COMGH2NJXPGRZJ8V
COMGJ75HJGFDJ6JN,https://www.flipkart.com/product/p/item?pid=COMGJ75HJGFDJ6JN
COMGCG2GCTYUYF4N,https://www.flipkart.com/product/p/item?pid=COMGCG2GCTYUYF4N
COMGZMKFGWKH4VAK,https://www.flipkart.com/product/p/item?pid=COMGZMKFGWKH4VAK
COMGFB2GHCBHUDTZ,https://www.flipkart.com/product/p/item?pid=COMGFB2GHCBHUDTZ
COMGP22NWCUHMSEZ,https://www.flipkart.com/product/p/item?pid=COMGP22NWCUHMSEZ
COMGCZUJQFMS3AN9,https://www.flipkart.com/product/p/item?pid=COMGCZUJQFMS3AN9
COMGZ7YCDCSJNRZK,https://www.flipkart.com/product/p/item?pid=COMGZ7YCDCSJNRZK
COMGFWCYBAKJCQ9D,https://www.flipkart.com/product/p/item?pid=COMGFWCYBAKJCQ9D
COMG9ETAX7DGSJSW,https://www.flipkart.com/product/p/item?pid=COMG9ETAX7DGSJSW
COMG9NYDXVEFGPSG,https://www.flipkart.com/product/p/item?pid=COMG9NYDXVEFGPSG
COMGZNSBZUBEHR9B,https://www.flipkart.com/product/p/item?pid=COMGZNSBZUBEHR9B
COMGZDQJFFHCSTZ9,https://www.flipkart.com/product/p/item?pid=COMGZDQJFFHCSTZ9
COMG9ETAX7DGSJSW,https://www.flipkart.com/product/p/item?pid=COMG9ETAX7DGSJSW
COMG9NYDXVEFGPSG,https://www.flipkart.com/product/p/item?pid=COMG9NYDXVEFGPSG
COMGZDQJFFHCSTZ9,https://www.flipkart.com/product/p/item?pid=COMGZDQJFFHCSTZ9
COMGMV6VDZG4C8D5,https://www.flipkart.com/product/p/item?pid=COMGMV6VDZG4C8D5
COMGZVGHVJEMGKZB,https://www.flipkart.com/product/p/item?pid=COMGZVGHVJEMGKZB
COMGHF6JGZBYHM6G,https://www.flipkart.com/product/p/item?pid=COMGHF6JGZBYHM6G
COMGJ75HNVBJA7JY,https://www.flipkart.com/product/p/item?pid=COMGJ75HNVBJA7JY
COMGBHKFAYHEMVAT,https://www.flipkart.com/product/p/item?pid=COMGBHKFAYHEMVAT
COMGMXGVPZXEDFWV,https://www.flipkart.com/product/p/item?pid=COMGMXGVPZXEDFWV
COMGZVGHMDQS67FQ,https://www.flipkart.com/product/p/item?pid=COMGZVGHMDQS67FQ
COMGZVGHZXXRMWMU,https://www.flipkart.com/product/p/item?pid=COMGZVGHZXXRMWMU
COMGZNSBZUBEHR9B,https://www.flipkart.com/product/p/item?pid=COMGZNSBZUBEHR9B
COMGHMH6YWR6B54T,https://www.flipkart.com/product/p/item?pid=COMGHMH6YWR6B54T
COMGFYQZBARGUZFK,https://www.flipkart.com/product/p/item?pid=COMGFYQZBARGUZFK
COMGZDQJH462QNUT,https://www.flipkart.com/product/p/item?pid=COMGZDQJH462QNUT
COMGZ4PNGZFFGJTX,https://www.flipkart.com/product/p/item?pid=COMGZ4PNGZFFGJTX
COMGZNSBGP8AGWVF,https://www.flipkart.com/product/p/item?pid=COMGZNSBGP8AGWVF
COMGNVRAXTGH4ZF4,https://www.flipkart.com/product/p/item?pid=COMGNVRAXTGH4ZF4
COMG9NYDUGF7SGWN,https://www.flipkart.com/product/p/item?pid=COMG9NYDUGF7SGWN
COMGKC6YXBYAVU4F,https://www.flipkart.com/product/p/item?pid=COMGKC6YXBYAVU4F
COMGZDQJEZGDFUSF,https://www.flipkart.com/product/p/item?pid=COMGZDQJEZGDFUSF
COMGKC6YAWGQPZZY,https://www.flipkart.com/product/p/item?pid=COMGKC6YAWGQPZZY
COMGAE6BTCGGWENU,https://www.flipkart.com/product/p/item?pid=COMGAE6BTCGGWENU
COMGZ3SPQHTUNRKG,https://www.flipkart.com/product/p/item?pid=COMGZ3SPQHTUNRKG
COMGAE6BTCGGWENU,https://www.flipkart.com/product/p/item?pid=COMGAE6BTCGGWENU
COMGCGST8ZYGUDGT,https://www.flipkart.com/product/p/item?pid=COMGCGST8ZYGUDGT
COMGNVRAXTGH4ZF4,https://www.flipkart.com/product/p/item?pid=COMGNVRAXTGH4ZF4
COMGZ4PNGZFFGJTX,https://www.flipkart.com/product/p/item?pid=COMGZ4PNGZFFGJTX
COMGB6DZQJHHSESY,https://www.flipkart.com/product/p/item?pid=COMGB6DZQJHHSESY
COMGJ75HCCFJS8AE,https://www.flipkart.com/product/p/item?pid=COMGJ75HCCFJS8AE
COMGMV6VPESBDVTU,https://www.flipkart.com/product/p/item?pid=COMGMV6VPESBDVTU
COMGMXT5FNPRPFGZ,https://www.flipkart.com/product/p/item?pid=COMGMXT5FNPRPFGZ
COMFTC4YDDK9K8KE,https://www.flipkart.com/product/p/item?pid=COMFTC4YDDK9K8KE
COMGHPXTXGQZQHMZ,https://www.flipkart.com/product/p/item?pid=COMGHPXTXGQZQHMZ
COMGAD9VDGYKBNQG,https://www.flipkart.com/product/p/item?pid=COMGAD9VDGYKBNQG
COMGKAVGGWYHQPE7,https://www.flipkart.com/product/p/item?pid=COMGKAVGGWYHQPE7
COMGFWCYZHSQY7PH,https://www.flipkart.com/product/p/item?pid=COMGFWCYZHSQY7PH
COMGP22NHKSTMHER,https://www.flipkart.com/product/p/item?pid=COMGP22NHKSTMHER
COMGDJJYFJ7WC7FH,https://www.flipkart.com/product/p/item?pid=COMGDJJYFJ7WC7FH
COMGNY4VHFKQHXKP,https://www.flipkart.com/product/p/item?pid=COMGNY4VHFKQHXKP
COMGMGXFGSRS4QXK,https://www.flipkart.com/product/p/item?pid=COMGMGXFGSRS4QXK
COMGHZGHYZVHZD5Z,https://www.flipkart.com/product/p/item?pid=COMGHZGHYZVHZD5Z
COMGZDQJH462QNUT,https://www.flipkart.com/product/p/item?pid=COMGZDQJH462QNUT
COMG7X7HJBHPRPSU,https://www.flipkart.com/product/p/item?pid=COMG7X7HJBHPRPSU
COMGZNSBGP8AGWVF,https://www.flipkart.com/product/p/item?pid=COMGZNSBGP8AGWVF
COMG9VHHG6Q3RRJX,https://www.flipkart.com/product/p/item?pid=COMG9VHHG6Q3RRJX
COMGMFK7B6FTNA4X,https://www.flipkart.com/product/p/item?pid=COMGMFK7B6FTNA4X
COMGFYQZFDSSH4DD,https://www.flipkart.com/product/p/item?pid=COMGFYQZFDSSH4DD
COMGM2MAZPZTUN2J,https://www.flipkart.com/product/p/item?pid=COMGM2MAZPZTUN2J
COMGMZF3NNFBKKPD,https://www.flipkart.com/product/p/item?pid=COMGMZF3NNFBKKPD
COMGNP9PMNRDXFS7,https://www.flipkart.com/product/p/item?pid=COMGNP9PMNRDXFS7
COMG9VHHG6Q3RRJX,https://www.flipkart.com/product/p/item?pid=COMG9VHHG6Q3RRJX
COMGMFK7B6FTNA4X,https://www.flipkart.com/product/p/item?pid=COMGMFK7B6FTNA4X
COMGAM8DB9BESKN2,https://www.flipkart.com/product/p/item?pid=COMGAM8DB9BESKN2
COMGARNUPNRQMWGD,https://www.flipkart.com/product/p/item?pid=COMGARNUPNRQMWGD
COMGFYQZFDSSH4DD,https://www.flipkart.com/product/p/item?pid=COMGFYQZFDSSH4DD
COMGGZ23QXZZVECG,https://www.flipkart.com/product/p/item?pid=COMGGZ23QXZZVECG
COMGFWCYXZPJZPFT,https://www.flipkart.com/product/p/item?pid=COMGFWCYXZPJZPFT
COMGAD2BA67TFF8Z,https://www.flipkart.com/product/p/item?pid=COMGAD2BA67TFF8Z
COMGMSV96HAAS3NB,https://www.flipkart.com/product/p/item?pid=COMGMSV96HAAS3NB
COMGZ7FRUHRF8AA3,https://www.flipkart.com/product/p/item?pid=COMGZ7FRUHRF8AA3
COMGFWCYZ3GYT3WZ,https://www.flipkart.com/product/p/item?pid=COMGFWCYZ3GYT3WZ
COMGAD9VDGYKBNQG,https://www.flipkart.com/product/p/item?pid=COMGAD9VDGYKBNQG
COMGMV6VZFPJCGVB,https://www.flipkart.com/product/p/item?pid=COMGMV6VZFPJCGVB
COMGF9Z7JYCFBKAP,https://www.flipkart.com/product/p/item?pid=COMGF9Z7JYCFBKAP
COMGZVGHTSJHNZYH,https://www.flipkart.com/product/p/item?pid=COMGZVGHTSJHNZYH
COMGG45GXQXPHZFW,https://www.flipkart.com/product/p/item?pid=COMGG45GXQXPHZFW
COMGKYGDPPHZUJPS,https://www.flipkart.com/product/p/item?pid=COMGKYGDPPHZUJPS
COMGMGSJG67ZABYZ,https://www.flipkart.com/product/p/item?pid=COMGMGSJG67ZABYZ
COMGMV6VPA6EGV6E,https://www.flipkart.com/product/p/item?pid=COMGMV6VPA6EGV6E
COMGMV6VQPNPGCBW,https://www.flipkart.com/product/p/item?pid=COMGMV6VQPNPGCBW
COMGFM5BYHQPXCRZ,https://www.flipkart.com/product/p/item?pid=COMGFM5BYHQPXCRZ
COMGNFU7CYNXJ9GG,https://www.flipkart.com/product/p/item?pid=COMGNFU7CYNXJ9GG
COMGFWCYMQDRR2GT,https://www.flipkart.com/product/p/item?pid=COMGFWCYMQDRR2GT
COMGG45GXQXPHZFW,https://www.flipkart.com/product/p/item?pid=COMGG45GXQXPHZFW
COMGKYGDPPHZUJPS,https://www.flipkart.com/product/p/item?pid=COMGKYGDPPHZUJPS
COMGMGSJG67ZABYZ,https://www.flipkart.com/product/p/item?pid=COMGMGSJG67ZABYZ
COMGMV6VPA6EGV6E,https://www.flipkart.com/product/p/item?pid=COMGMV6VPA6EGV6E
COMGMV6VQPNPGCBW,https://www.flipkart.com/product/p/item?pid=COMGMV6VQPNPGCBW
COMGFM5BYHQPXCRZ,https://www.flipkart.com/product/p/item?pid=COMGFM5BYHQPXCRZ
COMGFWCYKAZEG8NU,https://www.flipkart.com/product/p/item?pid=COMGFWCYKAZEG8NU
COMGF478WJG7FDQQ,https://www.flipkart.com/product/p/item?pid=COMGF478WJG7FDQQ
COMG4S3GDEHZ9SAT,https://www.flipkart.com/product/p/item?pid=COMG4S3GDEHZ9SAT
COMGMV6VAFZH3HVR,https://www.flipkart.com/product/p/item?pid=COMGMV6VAFZH3HVR
COMGFB2GNWNN9DN8,https://www.flipkart.com/product/p/item?pid=COMGFB2GNWNN9DN8
COMGFWCYGHFSZTYA,https://www.flipkart.com/product/p/item?pid=COMGFWCYGHFSZTYA
COMGZ4PNAASARCQD,https://www.flipkart.com/product/p/item?pid=COMGZ4PNAASARCQD
COMGEY8WNGQNKE5G,https://www.flipkart.com/product/p/item?pid=COMGEY8WNGQNKE5G
COMGMGXFSGJSSGGD,https://www.flipkart.com/product/p/item?pid=COMGMGXFSGJSSGGD
COMGNJMCDUFBTMZK,https://www.flipkart.com/product/p/item?pid=COMGNJMCDUFBTMZK
COMGDJJYETEF3ECH,https://www.flipkart.com/product/p/item?pid=COMGDJJYETEF3ECH
COMGGHMQCWGQ6QGW,https://www.flipkart.com/product/p/item?pid=COMGGHMQCWGQ6QGW
COMGADGHNBK494MP,https://www.flipkart.com/product/p/item?pid=COMGADGHNBK494MP
COMGFB2GDBDYXF9D,https://www.flipkart.com/product/p/item?pid=COMGFB2GDBDYXF9D
COMG49CZ5FFAFQBS,https://www.flipkart.com/product/p/item?pid=COMG49CZ5FFAFQBS
COMGCZUJVKGPCCYE,https://www.flipkart.com/product/p/item?pid=COMGCZUJVKGPCCYE
COMGEMAYUDWNRA3V,https://www.flipkart.com/product/p/item?pid=COMGEMAYUDWNRA3V
COMGG23CKHQHSSG4,https://www.flipkart.com/product/p/item?pid=COMGG23CKHQHSSG4
COMGZDQJ3BHESAFU,https://www.flipkart.com/product/p/item?pid=COMGZDQJ3BHESAFU
COMGMM3HY5EMNFZA,https://www.flipkart.com/product/p/item?pid=COMGMM3HY5EMNFZA
COMGCZUJVKGPCCYE,https://www.flipkart.com/product/p/item?pid=COMGCZUJVKGPCCYE
COMGEY8WNGQNKE5G,https://www.flipkart.com/product/p/item?pid=COMGEY8WNGQNKE5G
COMGHMH6JNJBDCBQ,https://www.flipkart.com/product/p/item?pid=COMGHMH6JNJBDCBQ
COMGHZGHWGTZMGGS,https://www.flipkart.com/product/p/item?pid=COMGHZGHWGTZMGGS
COMG6AKVSRJAUE92,https://www.flipkart.com/product/p/item?pid=COMG6AKVSRJAUE92
COMGFB2GWHPVFMJW,https://www.flipkart.com/product/p/item?pid=COMGFB2GWHPVFMJW
COMGGHMQBQDBK6KH,https://www.flipkart.com/product/p/item?pid=COMGGHMQBQDBK6KH
COMGDJJYETEF3ECH,https://www.flipkart.com/product/p/item?pid=COMGDJJYETEF3ECH
COMGGHMQCWGQ6QGW,https://www.flipkart.com/product/p/item?pid=COMGGHMQCWGQ6QGW
COMG9NYD3C9ZVGPX,https://www.flipkart.com/product/p/item?pid=COMG9NYD3C9ZVGPX
COMGFB2GDBDYXF9D,https://www.flipkart.com/product/p/item?pid=COMGFB2GDBDYXF9D
COMGGMRSDDRGKFGU,https://www.flipkart.com/product/p/item?pid=COMGGMRSDDRGKFGU
COMGCFNZEE6RPHWZ,https://www.flipkart.com/product/p/item?pid=COMGCFNZEE6RPHWZ
COMGMV6VJGYVBZSM,https://www.flipkart.com/product/p/item?pid=COMGMV6VJGYVBZSM
COMGN2YDYPFNZPMY,https://www.flipkart.com/product/p/item?pid=COMGN2YDYPFNZPMY
COMGGJZFAGKWKGQX,https://www.flipkart.com/product/p/item?pid=COMGGJZFAGKWKGQX
COMGBNFUWPH6F56F,https://www.flipkart.com/product/p/item?pid=COMGBNFUWPH6F56F
COMGJ75HCVATAHZH,https://www.flipkart.com/product/p/item?pid=COMGJ75HCVATAHZH
COMG9VKEHSAGGWBY,https://www.flipkart.com/product/p/item?pid=COMG9VKEHSAGGWBY
COMGFWCYMZRHCHU9,https://www.flipkart.com/product/p/item?pid=COMGFWCYMZRHCHU9
COMGHNMAFEG9EYP3,https://www.flipkart.com/product/p/item?pid=COMGHNMAFEG9EYP3
COMGADGHNBK494MP,https://www.flipkart.com/product/p/item?pid=COMGADGHNBK494MP
COMGAE6BYT2KRN4P,https://www.flipkart.com/product/p/item?pid=COMGAE6BYT2KRN4P
COMGPF5C98GF8FEH,https://www.flipkart.com/product/p/item?pid=COMGPF5C98GF8FEH
COMGMVCPWYURCYZA,https://www.flipkart.com/product/p/item?pid=COMGMVCPWYURCYZA
COMGMY3MB9MX5CXF,https://www.flipkart.com/product/p/item?pid=COMGMY3MB9MX5CXF
COMGCFNZEE6RPHWZ,https://www.flipkart.com/product/p/item?pid=COMGCFNZEE6RPHWZ
COMGN2YDYPFNZPMY,https://www.flipkart.com/product/p/item?pid=COMGN2YDYPFNZPMY
COMGGJZFAGKWKGQX,https://www.flipkart.com/product/p/item?pid=COMGGJZFAGKWKGQX
COMGJS5F6YYYZYVV,https://www.flipkart.com/product/p/item?pid=COMGJS5F6YYYZYVV
COMGE2GFFVEVG7MB,https://www.flipkart.com/product/p/item?pid=COMGE2GFFVEVG7MB
COMGZUGT4HV73UV6,https://www.flipkart.com/product/p/item?pid=COMGZUGT4HV73UV6
COMGGR9SYEE2CZT8,https://www.flipkart.com/product/p/item?pid=COMGGR9SYEE2CZT8
COMGFYQZZFRKBNWV,https://www.flipkart.com/product/p/item?pid=COMGFYQZZFRKBNWV
COMGJ75HZRABYN4K,https://www.flipkart.com/product/p/item?pid=COMGJ75HZRABYN4K
COMGKFTFGGSX5ENP,https://www.flipkart.com/product/p/item?pid=COMGKFTFGGSX5ENP
COMGZ3S6AWQUDWZG,https://www.flipkart.com/product/p/item?pid=COMGZ3S6AWQUDWZG
COMFTC4YG3ZD5PXA,https://www.flipkart.com/product/p/item?pid=COMFTC4YG3ZD5PXA
COMGDGNFNHZM5ENT,https://www.flipkart.com/product/p/item?pid=COMGDGNFNHZM5ENT
COMGHZGHAVG4BKU5,https://www.flipkart.com/product/p/item?pid=COMGHZGHAVG4BKU5
COMGCFNZUUHGWNRZ,https://www.flipkart.com/product/p/item?pid=COMGCFNZUUHGWNRZ
COMGCRV6W4YMWD3C,https://www.flipkart.com/product/p/item?pid=COMGCRV6W4YMWD3C
COMGMGXFHUHQE3XZ,https://www.flipkart.com/product/p/item?pid=COMGMGXFHUHQE3XZ
COMGD37VQMMFECDJ,https://www.flipkart.com/product/p/item?pid=COMGD37VQMMFECDJ
COMGDGNFACGEDSGP,https://www.flipkart.com/product/p/item?pid=COMGDGNFACGEDSGP
COMGEHP5XGRNQBA4,https://www.flipkart.com/product/p/item?pid=COMGEHP5XGRNQBA4
COMGZ4PNBGY644QJ,https://www.flipkart.com/product/p/item?pid=COMGZ4PNBGY644QJ
COMGHQYYCYW2HUZH,https://www.flipkart.com/product/p/item?pid=COMGHQYYCYW2HUZH
COMG666GDF86HEWY,https://www.flipkart.com/product/p/item?pid=COMG666GDF86HEWY
COMGMV6VJGYVBZSM,https://www.flipkart.com/product/p/item?pid=COMGMV6VJGYVBZSM
COMGDQHJFGMNK67R,https://www.flipkart.com/product/p/item?pid=COMGDQHJFGMNK67R
COMGPF5CQ7VDWDT4,https://www.flipkart.com/product/p/item?pid=COMGPF5CQ7VDWDT4
COMGGCZGGZJ5JRBX,https://www.flipkart.com/product/p/item?pid=COMGGCZGGZJ5JRBX
COMGZDZSVBBZAK3Z,https://www.flipkart.com/product/p/item?pid=COMGZDZSVBBZAK3Z
COMGHPXTWQRPTJ9P,https://www.flipkart.com/product/p/item?pid=COMGHPXTWQRPTJ9P
COMGG3S9SZMBSGBY,https://www.flipkart.com/product/p/item?pid=COMGG3S9SZMBSGBY
COMGHPXTAMHHFSZM,https://www.flipkart.com/product/p/item?pid=COMGHPXTAMHHFSZM
COMGJFGFRPHXZBVZ,https://www.flipkart.com/product/p/item?pid=COMGJFGFRPHXZBVZ
COMGCRV8B5YDNKKG,https://www.flipkart.com/product/p/item?pid=COMGCRV8B5YDNKKG
COMG8N5PQMTQPXW8,https://www.flipkart.com/product/p/item?pid=COMG8N5PQMTQPXW8
COMGZ4PN887FWHBP,https://www.flipkart.com/product/p/item?pid=COMGZ4PN887FWHBP
COMGF3B7THNRZ75G,https://www.flipkart.com/product/p/item?pid=COMGF3B7THNRZ75G
COMG24PG7EFFBSEV,https://www.flipkart.com/product/p/item?pid=COMG24PG7EFFBSEV
COMGHF6JJ2DGQX6Z,https://www.flipkart.com/product/p/item?pid=COMGHF6JJ2DGQX6Z
COMGKC6YZAXJVCDF,https://www.flipkart.com/product/p/item?pid=COMGKC6YZAXJVCDF
COMG4VNFAD9XDUGE,https://www.flipkart.com/product/p/item?pid=COMG4VNFAD9XDUGE
COMG5EAXHYDEBZTG,https://www.flipkart.com/product/p/item?pid=COMG5EAXHYDEBZTG
COMGZ5F3RTSNVFES,https://www.flipkart.com/product/p/item?pid=COMGZ5F3RTSNVFES
COMGHPXTAMHHFSZM,https://www.flipkart.com/product/p/item?pid=COMGHPXTAMHHFSZM
COMGJFGFRPHXZBVZ,https://www.flipkart.com/product/p/item?pid=COMGJFGFRPHXZBVZ
COMGCRV8B5YDNKKG,https://www.flipkart.com/product/p/item?pid=COMGCRV8B5YDNKKG
COMG8N5PQMTQPXW8,https://www.flipkart.com/product/p/item?pid=COMG8N5PQMTQPXW8
COMGZ4PN887FWHBP,https://www.flipkart.com/product/p/item?pid=COMGZ4PN887FWHBP
COMGF3B7THNRZ75G,https://www.flipkart.com/product/p/item?pid=COMGF3B7THNRZ75G
COMG4VNFAD9XDUGE,https://www.flipkart.com/product/p/item?pid=COMG4VNFAD9XDUGE
COMGHF6JJ2DGQX6Z,https://www.flipkart.com/product/p/item?pid=COMGHF6JJ2DGQX6Z
COMGKC6YZAXJVCDF,https://www.flipkart.com/product/p/item?pid=COMGKC6YZAXJVCDF
COMG5EAXHYDEBZTG,https://www.flipkart.com/product/p/item?pid=COMG5EAXHYDEBZTG
COMGZ5F3RTSNVFES,https://www.flipkart.com/product/p/item?pid=COMGZ5F3RTSNVFES
COMG6UHHZEEQJFQN,https://www.flipkart.com/product/p/item?pid=COMG6UHHZEEQJFQN
COMG24PG7EFFBSEV,https://www.flipkart.com/product/p/item?pid=COMG24PG7EFFBSEV
COMGF3B76ZGYV8AQ,https://www.flipkart.com/product/p/item?pid=COMGF3B76ZGYV8AQ
COMGJ75HWZZMXPBJ,https://www.flipkart.com/product/p/item?pid=COMGJ75HWZZMXPBJ
COMGMGXFGKBRSATC,https://www.flipkart.com/product/p/item?pid=COMGMGXFGKBRSATC
COMGN8YZTEJN8GH8,https://www.flipkart.com/product/p/item?pid=COMGN8YZTEJN8GH8
COMGEY8WZREVKB2R,https://www.flipkart.com/product/p/item?pid=COMGEY8WZREVKB2R
COMGZ4PN3U2GZUMD,https://www.flipkart.com/product/p/item?pid=COMGZ4PN3U2GZUMD
COMGFWCYQHF8UAJQ,https://www.flipkart.com/product/p/item?pid=COMGFWCYQHF8UAJQ
COMGG3S9SZMBSGBY,https://www.flipkart.com/product/p/item?pid=COMGG3S9SZMBSGBY
COMGJ75HMWQTVERK,https://www.flipkart.com/product/p/item?pid=COMGJ75HMWQTVERK
COMGJR2KYMR2G6SV,https://www.flipkart.com/product/p/item?pid=COMGJR2KYMR2G6SV
COMGM7VXS6KHF8HR,https://www.flipkart.com/product/p/item?pid=COMGM7VXS6KHF8HR
COMG9NYDH9Q4QMHZ,https://www.flipkart.com/product/p/item?pid=COMG9NYDH9Q4QMHZ
COMGH3DSMP79M6WN,https://www.flipkart.com/product/p/item?pid=COMGH3DSMP79M6WN
COMGFB2GYQHA9RR7,https://www.flipkart.com/product/p/item?pid=COMGFB2GYQHA9RR7
COMFSYCP3287MGHH,https://www.flipkart.com/product/p/item?pid=COMFSYCP3287MGHH
COMG7X7H2BDZFGET,https://www.flipkart.com/product/p/item?pid=COMG7X7H2BDZFGET
COMGHJ7GDZDG3ZAT,https://www.flipkart.com/product/p/item?pid=COMGHJ7GDZDG3ZAT
COMFT8GXQ8NJZWUY,https://www.flipkart.com/product/p/item?pid=COMFT8GXQ8NJZWUY
COMG5Y8YGWGVWAG6,https://www.flipkart.com/product/p/item?pid=COMG5Y8YGWGVWAG6
COMGH47NWT4HZFYP,https://www.flipkart.com/product/p/item?pid=COMGH47NWT4HZFYP
COMG7X7HZBSGGDUF,https://www.flipkart.com/product/p/item?pid=COMG7X7HZBSGGDUF
COMGHGYYUFPUPPZZ,https://www.flipkart.com/product/p/item?pid=COMGHGYYUFPUPPZZ
COMGKC6YHQF2HQRB,https://www.flipkart.com/product/p/item?pid=COMGKC6YHQF2HQRB
COMGMGP52QUKAE2F,https://www.flipkart.com/product/p/item?pid=COMGMGP52QUKAE2F
COMGCXD8CU7RQXEE,https://www.flipkart.com/product/p/item?pid=COMGCXD8CU7RQXEE
COMGMXGVFXTJMMTG,https://www.flipkart.com/product/p/item?pid=COMGMXGVFXTJMMTG
COMGMZF39HRSYE7Q,https://www.flipkart.com/product/p/item?pid=COMGMZF39HRSYE7Q
COMGE73K67XVZMF8,https://www.flipkart.com/product/p/item?pid=COMGE73K67XVZMF8
COMG3D7CZWZZYCHV,https://www.flipkart.com/product/p/item?pid=COMG3D7CZWZZYCHV
COMGDTTDKTZHWWJG,https://www.flipkart.com/product/p/item?pid=COMGDTTDKTZHWWJG
COMGEG3ZBTGC2VYW,https://www.flipkart.com/product/p/item?pid=COMGEG3ZBTGC2VYW
COMGBYQ2G7MGZJY2,https://www.flipkart.com/product/p/item?pid=COMGBYQ2G7MGZJY2
COMGJ75HFTTHH4VE,https://www.flipkart.com/product/p/item?pid=COMGJ75HFTTHH4VE
COMGEY8WZREVKB2R,https://www.flipkart.com/product/p/item?pid=COMGEY8WZREVKB2R
COMGFWCYAHKRGYZY,https://www.flipkart.com/product/p/item?pid=COMGFWCYAHKRGYZY
COMGZDQJJYTCTMPC,https://www.flipkart.com/product/p/item?pid=COMGZDQJJYTCTMPC
COMGDJJY8SZXXPMB,https://www.flipkart.com/product/p/item?pid=COMGDJJY8SZXXPMB
COMGGBGRXTXGBGSM,https://www.flipkart.com/product/p/item?pid=COMGGBGRXTXGBGSM
COMG87FPKWXY5FYZ,https://www.flipkart.com/product/p/item?pid=COMG87FPKWXY5FYZ
COMGH47NQZSWMFYT,https://www.flipkart.com/product/p/item?pid=COMGH47NQZSWMFYT
COMGHMH6Z2BNP75Y,https://www.flipkart.com/product/p/item?pid=COMGHMH6Z2BNP75Y
COMGJS5FRZQ8DHAJ,https://www.flipkart.com/product/p/item?pid=COMGJS5FRZQ8DHAJ
COMGMNCQXZVYHZGC,https://www.flipkart.com/product/p/item?pid=COMGMNCQXZVYHZGC
COMGP2YUH37Q8JFW,https://www.flipkart.com/product/p/item?pid=COMGP2YUH37Q8JFW
COMG73Z5HGCZWBGW,https://www.flipkart.com/product/p/item?pid=COMG73Z5HGCZWBGW
COMGBUKJRGHNGGZE,https://www.flipkart.com/product/p/item?pid=COMGBUKJRGHNGGZE
COMGHZGHWPZY3QUD,https://www.flipkart.com/product/p/item?pid=COMGHZGHWPZY3QUD
COMGMGXFVZFJZNF2,https://www.flipkart.com/product/p/item?pid=COMGMGXFVZFJZNF2
COMFXEKMT6ZFJKHG,https://www.flipkart.com/product/p/item?pid=COMFXEKMT6ZFJKHG
COMGNRNU9SEPEMQV,https://www.flipkart.com/product/p/item?pid=COMGNRNU9SEPEMQV
COMGFYQZ2BWGNDRK,https://www.flipkart.com/product/p/item?pid=COMGFYQZ2BWGNDRK
COMGZUGTTBRGYSHT,https://www.flipkart.com/product/p/item?pid=COMGZUGTTBRGYSHT
COMG6D9UFZJMFGHK,https://www.flipkart.com/product/p/item?pid=COMG6D9UFZJMFGHK
COMG87FFPDWUZAKE,https://www.flipkart.com/product/p/item?pid=COMG87FFPDWUZAKE
COMG9NYD7AEZNC5G,https://www.flipkart.com/product/p/item?pid=COMG9NYD7AEZNC5G
COMGBVJMD2KJ5GGH,https://www.flipkart.com/product/p/item?pid=COMGBVJMD2KJ5GGH
COMGFYQZMX5RCZFX,https://www.flipkart.com/product/p/item?pid=COMGFYQZMX5RCZFX
COMGNVWYVPCKZURT,https://www.flipkart.com/product/p/item?pid=COMGNVWYVPCKZURT
COMGZMYFUAHZSQHW,https://www.flipkart.com/product/p/item?pid=COMGZMYFUAHZSQHW
COMGD436X2AWBFVT,https://www.flipkart.com/product/p/item?pid=COMGD436X2AWBFVT
COMGMV6V6ZAUMWEH,https://www.flipkart.com/product/p/item?pid=COMGMV6V6ZAUMWEH
COMGMV6VGQXP9MDH,https://www.flipkart.com/product/p/item?pid=COMGMV6VGQXP9MDH
COMGFWCYQQQGZTYR,https://www.flipkart.com/product/p/item?pid=COMGFWCYQQQGZTYR
COMGZKHQBVZWHMP7,https://www.flipkart.com/product/p/item?pid=COMGZKHQBVZWHMP7
COMGFPEHZN5WGPXX,https://www.flipkart.com/product/p/item?pid=COMGFPEHZN5WGPXX
COMGJ75H8AP2MDAY,https://www.flipkart.com/product/p/item?pid=COMGJ75H8AP2MDAY
COMFXEKMT6ZFJKHG,https://www.flipkart.com/product/p/item?pid=COMFXEKMT6ZFJKHG
COMGEFDUQCBBAYCY,https://www.flipkart.com/product/p/item?pid=COMGEFDUQCBBAYCY
COMGCG2GZKRCJUBZ,https://www.flipkart.com/product/p/item?pid=COMGCG2GZKRCJUBZ
COMGJ75HET7ZG7CX,https://www.flipkart.com/product/p/item?pid=COMGJ75HET7ZG7CX
COMG56TFTZGHZ9CV,https://www.flipkart.com/product/p/item?pid=COMG56TFTZGHZ9CV
COMFUXREHNYXARGW,https://www.flipkart.com/product/p/item?pid=COMFUXREHNYXARGW
COMGHMH6Z2BNP75Y,https://www.flipkart.com/product/p/item?pid=COMGHMH6Z2BNP75Y
COMGARNUF2FCYCKZ,https://www.flipkart.com/product/p/item?pid=COMGARNUF2FCYCKZ
COMGMGXFE9F37AMQ,https://www.flipkart.com/product/p/item?pid=COMGMGXFE9F37AMQ
COMGMV6VYXUTXXBD,https://www.flipkart.com/product/p/item?pid=COMGMV6VYXUTXXBD
COMGCTAAQDZYVH63,https://www.flipkart.com/product/p/item?pid=COMGCTAAQDZYVH63
COMGFB2GQPT52CK3,https://www.flipkart.com/product/p/item?pid=COMGFB2GQPT52CK3
COMGM7VXHDVTZKSB,https://www.flipkart.com/product/p/item?pid=COMGM7VXHDVTZKSB
COMGMV6VU9YWMPGH,https://www.flipkart.com/product/p/item?pid=COMGMV6VU9YWMPGH
COMGDTTDZ8DJESMA,https://www.flipkart.com/product/p/item?pid=COMGDTTDZ8DJESMA
COMGZDQJYFFGZTVG,https://www.flipkart.com/product/p/item?pid=COMGZDQJYFFGZTVG
COMGGBGRZKZGYYJT,https://www.flipkart.com/product/p/item?pid=COMGGBGRZKZGYYJT
COMFUZ3JZVNCPJFU,https://www.flipkart.com/product/p/item?pid=COMFUZ3JZVNCPJFU
COMGH8YQ8YBFTDRU,https://www.flipkart.com/product/p/item?pid=COMGH8YQ8YBFTDRU
COMGMGXFT7WWNGYG,https://www.flipkart.com/product/p/item?pid=COMGMGXFT7WWNGYG
COMGAD2B4QMZTWKB,https://www.flipkart.com/product/p/item?pid=COMGAD2B4QMZTWKB
COMGB732MK9RHD5P,https://www.flipkart.com/product/p/item?pid=COMGB732MK9RHD5P
COMGFG9VQ6PYGZR4,https://www.flipkart.com/product/p/item?pid=COMGFG9VQ6PYGZR4
COMGZDQJHUAJY3AS,https://www.flipkart.com/product/p/item?pid=COMGZDQJHUAJY3AS
COMGG63HBFDCHDBN,https://www.flipkart.com/product/p/item?pid=COMGG63HBFDCHDBN
COMGCQQZZYT3G54U,https://www.flipkart.com/product/p/item?pid=COMGCQQZZYT3G54U
COMGJ75HTKUPKZSM,https://www.flipkart.com/product/p/item?pid=COMGJ75HTKUPKZSM
COMG7X7HHRHGNUBJ,https://www.flipkart.com/product/p/item?pid=COMG7X7HHRHGNUBJ
COMGGRGZE3VZFZFJ,https://www.flipkart.com/product/p/item?pid=COMGGRGZE3VZFZFJ
COMGHZGHTFSE2WJZ,https://www.flipkart.com/product/p/item?pid=COMGHZGHTFSE2WJZ
COMGCYF9PZCYNZT7,https://www.flipkart.com/product/p/item?pid=COMGCYF9PZCYNZT7
COMGFA5FWMCQBXB3,https://www.flipkart.com/product/p/item?pid=COMGFA5FWMCQBXB3
COMGZMKF2QGBC4KC,https://www.flipkart.com/product/p/item?pid=COMGZMKF2QGBC4KC
COMGJ75HTRHWX4SN,https://www.flipkart.com/product/p/item?pid=COMGJ75HTRHWX4SN
COMGJ75HMY7VBCJX,https://www.flipkart.com/product/p/item?pid=COMGJ75HMY7VBCJX
COMGMGXFJYYPHTPV,https://www.flipkart.com/product/p/item?pid=COMGMGXFJYYPHTPV
COMGMV6VYGAAAHYT,https://www.flipkart.com/product/p/item?pid=COMGMV6VYGAAAHYT
COMG6Z2BCHQ4PSYA,https://www.flipkart.com/product/p/item?pid=COMG6Z2BCHQ4PSYA
COMGGBGRMHRYZYXK,https://www.flipkart.com/product/p/item?pid=COMGGBGRMHRYZYXK
COMGFWCYUH7DC4HB,https://www.flipkart.com/product/p/item?pid=COMGFWCYUH7DC4HB
COMG6AKVMUFMK7MS,https://www.flipkart.com/product/p/item?pid=COMG6AKVMUFMK7MS
COMGZDQJZW3FCZBQ,https://www.flipkart.com/product/p/item?pid=COMGZDQJZW3FCZBQ
COMG3Z7M7BWVWBHC,https://www.flipkart.com/product/p/item?pid=COMG3Z7M7BWVWBHC
COMGG63HWNMXZKDF,https://www.flipkart.com/product/p/item?pid=COMGG63HWNMXZKDF
COMGMGXFTYZZUJYW,https://www.flipkart.com/product/p/item?pid=COMGMGXFTYZZUJYW
COMG666G8ETBWZUE,https://www.flipkart.com/product/p/item?pid=COMG666G8ETBWZUE
COMFYZC5URFMHTBA,https://www.flipkart.com/product/p/item?pid=COMFYZC5URFMHTBA
COMGFPGWRFMJZDHX,https://www.flipkart.com/product/p/item?pid=COMGFPGWRFMJZDHX
COMGEY8WGGHKT7WZ,https://www.flipkart.com/product/p/item?pid=COMGEY8WGGHKT7WZ
COMG9NYDHKR6PZ8W,https://www.flipkart.com/product/p/item?pid=COMG9NYDHKR6PZ8W
COMGZNMS5AHPF2GP,https://www.flipkart.com/product/p/item?pid=COMGZNMS5AHPF2GP
COMGCNDPVSPNGDYQ,https://www.flipkart.com/product/p/item?pid=COMGCNDPVSPNGDYQ
COMGMV6VXKZMNGGM,https://www.flipkart.com/product/p/item?pid=COMGMV6VXKZMNGGM
COMGCWBEDBYGSMA6,https://www.flipkart.com/product/p/item?pid=COMGCWBEDBYGSMA6
COMGBHZBHNRMFBQT,https://www.flipkart.com/product/p/item?pid=COMGBHZBHNRMFBQT
COMGZ4PN7CGG6SUD,https://www.flipkart.com/product/p/item?pid=COMGZ4PN7CGG6SUD
COMGH7VYRA4HRGYK,https://www.flipkart.com/product/p/item?pid=COMGH7VYRA4HRGYK
COMGCNDPJXZUA9HM,https://www.flipkart.com/product/p/item?pid=COMGCNDPJXZUA9HM
COMGNP9PAR67CM7F,https://www.flipkart.com/product/p/item?pid=COMGNP9PAR67CM7F
COMGD436UHCV44GS,https://www.flipkart.com/product/p/item?pid=COMGD436UHCV44GS
COMGJ75HPCZZ7GJM,https://www.flipkart.com/product/p/item?pid=COMGJ75HPCZZ7GJM
COMGHF6JGRJTQEBY,https://www.flipkart.com/product/p/item?pid=COMGHF6JGRJTQEBY
COMG5UZBFZVTYRFN,https://www.flipkart.com/product/p/item?pid=COMG5UZBFZVTYRFN
COMG9NYDSF4N74DN,https://www.flipkart.com/product/p/item?pid=COMG9NYDSF4N74DN
COMGHGYYZFXFDZJZ,https://www.flipkart.com/product/p/item?pid=COMGHGYYZFXFDZJZ
COMGD436UHCV44GS,https://www.flipkart.com/product/p/item?pid=COMGD436UHCV44GS
COMGJ75HPCZZ7GJM,https://www.flipkart.com/product/p/item?pid=COMGJ75HPCZZ7GJM
COMG5UZBFZVTYRFN,https://www.flipkart.com/product/p/item?pid=COMG5UZBFZVTYRFN
COMGHF6JGRJTQEBY,https://www.flipkart.com/product/p/item?pid=COMGHF6JGRJTQEBY
COMG9NYDSF4N74DN,https://www.flipkart.com/product/p/item?pid=COMG9NYDSF4N74DN
COMGHGYYZFXFDZJZ,https://www.flipkart.com/product/p/item?pid=COMGHGYYZFXFDZJZ
COMGZHZ7Z6PKFY5G,https://www.flipkart.com/product/p/item?pid=COMGZHZ7Z6PKFY5G
COMGZ4PN8VW72TK2,https://www.flipkart.com/product/p/item?pid=COMGZ4PN8VW72TK2
COMGHYYKNNVMKAPQ,https://www.flipkart.com/product/p/item?pid=COMGHYYKNNVMKAPQ
COMG69G2FNSS2MB2,https://www.flipkart.com/product/p/item?pid=COMG69G2FNSS2MB2
COMGGZ23GZFCQFCZ,https://www.flipkart.com/product/p/item?pid=COMGGZ23GZFCQFCZ
COMGJ75H2JJXNH9Z,https://www.flipkart.com/product/p/item?pid=COMGJ75H2JJXNH9Z
COMGFKWMFWZX2WHY,https://www.flipkart.com/product/p/item?pid=COMGFKWMFWZX2WHY
COMGHMKH33QNWCYT,https://www.flipkart.com/product/p/item?pid=COMGHMKH33QNWCYT
COMFXV7SZ6DK2M8Q,https://www.flipkart.com/product/p/item?pid=COMFXV7SZ6DK2M8Q
COMFTPG2HYSS9TW3,https://www.flipkart.com/product/p/item?pid=COMFTPG2HYSS9TW3
COMGEY8WZYTQCXMG,https://www.flipkart.com/product/p/item?pid=COMGEY8WZYTQCXMG
COMGFWCY9EZEZNFN,https://www.flipkart.com/product/p/item?pid=COMGFWCY9EZEZNFN
COMGZUGT4H9ECY2X,https://www.flipkart.com/product/p/item?pid=COMGZUGT4H9ECY2X
COMGF3B77Q3Y5RRQ,https://www.flipkart.com/product/p/item?pid=COMGF3B77Q3Y5RRQ
COMG5EAXKQ7ZH3TY,https://www.flipkart.com/product/p/item?pid=COMG5EAXKQ7ZH3TY
COMGMV6VHN2GFBYB,https://www.flipkart.com/product/p/item?pid=COMGMV6VHN2GFBYB
COMGFWCYYMRVCGNT,https://www.flipkart.com/product/p/item?pid=COMGFWCYYMRVCGNT
COMGGFZHCHFBCHXX,https://www.flipkart.com/product/p/item?pid=COMGGFZHCHFBCHXX
COMGGJZFFQEAH6ZH,https://www.flipkart.com/product/p/item?pid=COMGGJZFFQEAH6ZH
COMG9FSFTNHYFTGF,https://www.flipkart.com/product/p/item?pid=COMG9FSFTNHYFTGF
COMGH8YQNHNNDDQF,https://www.flipkart.com/product/p/item?pid=COMGH8YQNHNNDDQF
COMGHTE8XYZWJMPA,https://www.flipkart.com/product/p/item?pid=COMGHTE8XYZWJMPA
COMGG63HHFBZ2BZP,https://www.flipkart.com/product/p/item?pid=COMGG63HHFBZ2BZP
COMGFM5BDH8MBRDH,https://www.flipkart.com/product/p/item?pid=COMGFM5BDH8MBRDH
COMGNHPJ4GGNZC3N,https://www.flipkart.com/product/p/item?pid=COMGNHPJ4GGNZC3N
COMGNZBRZW29ZNRC,https://www.flipkart.com/product/p/item?pid=COMGNZBRZW29ZNRC
COMGGSXMHKHRX7P3,https://www.flipkart.com/product/p/item?pid=COMGGSXMHKHRX7P3
COMGMGXFGF7ZTKHF,https://www.flipkart.com/product/p/item?pid=COMGMGXFGF7ZTKHF
COMGDTTDMGMYVNBK,https://www.flipkart.com/product/p/item?pid=COMGDTTDMGMYVNBK
COMGZ7YCWHTPFVYY,https://www.flipkart.com/product/p/item?pid=COMGZ7YCWHTPFVYY
COMGZS9GMHCJY9FF,https://www.flipkart.com/product/p/item?pid=COMGZS9GMHCJY9FF
COMG97ARZGJ5NKCJ,https://www.flipkart.com/product/p/item?pid=COMG97ARZGJ5NKCJ
COMGHA9R6DDXZHWU,https://www.flipkart.com/product/p/item?pid=COMGHA9R6DDXZHWU
COMGCNDPPGYZEATY,https://www.flipkart.com/product/p/item?pid=COMGCNDPPGYZEATY
COMGF3B75NKJGJNF,https://www.flipkart.com/product/p/item?pid=COMGF3B75NKJGJNF
COMGFPC3T4F5EGZM,https://www.flipkart.com/product/p/item?pid=COMGFPC3T4F5EGZM
COMGHAGNDSCB8WWQ,https://www.flipkart.com/product/p/item?pid=COMGHAGNDSCB8WWQ
COMGZUGT3NMUDWFS,https://www.flipkart.com/product/p/item?pid=COMGZUGT3NMUDWFS
COMGFPEHZGNAGD3F,https://www.flipkart.com/product/p/item?pid=COMGFPEHZGNAGD3F
COMGDD8QRAHJ2ZTP,https://www.flipkart.com/product/p/item?pid=COMGDD8QRAHJ2ZTP
COMGA3HWJVQDZYGQ,https://www.flipkart.com/product/p/item?pid=COMGA3HWJVQDZYGQ
COMGFA5FCNKUTPHG,https://www.flipkart.com/product/p/item?pid=COMGFA5FCNKUTPHG
COMGZ7YCWHTPFVYY,https://www.flipkart.com/product/p/item?pid=COMGZ7YCWHTPFVYY
COMGFWCYHM7Y7EJS,https://www.flipkart.com/product/p/item?pid=COMGFWCYHM7Y7EJS
COMFY8QXWZVMGFQK,https://www.flipkart.com/product/p/item?pid=COMFY8QXWZVMGFQK
COMGZUGTYNZFXNGG,https://www.flipkart.com/product/p/item?pid=COMGZUGTYNZFXNGG
COMGMV6VZVRQPVKA,https://www.flipkart.com/product/p/item?pid=COMGMV6VZVRQPVKA
COMGFWCYPVDVM8S3,https://www.flipkart.com/product/p/item?pid=COMGFWCYPVDVM8S3
COMGGY2THGDGVTG6,https://www.flipkart.com/product/p/item?pid=COMGGY2THGDGVTG6
COMGG63HHFBZ2BZP,https://www.flipkart.com/product/p/item?pid=COMGG63HHFBZ2BZP
COMGFPEHZGNAGD3F,https://www.flipkart.com/product/p/item?pid=COMGFPEHZGNAGD3F
COMGA3HWJVQDZYGQ,https://www.flipkart.com/product/p/item?pid=COMGA3HWJVQDZYGQ
COMGFA5FCNKUTPHG,https://www.flipkart.com/product/p/item?pid=COMGFA5FCNKUTPHG
COMGHR2J89DACRHH,https://www.flipkart.com/product/p/item?pid=COMGHR2J89DACRHH
COMGEY8WQXQVBTZB,https://www.flipkart.com/product/p/item?pid=COMGEY8WQXQVBTZB
COMGDRNRY8YB3KEG,https://www.flipkart.com/product/p/item?pid=COMGDRNRY8YB3KEG
COMEWGGDGQDDSGPD,https://www.flipkart.com/product/p/item?pid=COMEWGGDGQDDSGPD
COMG62ZCTJUXHKKZ,https://www.flipkart.com/product/p/item?pid=COMG62ZCTJUXHKKZ
COMGMVCPWBZJYKP3,https://www.flipkart.com/product/p/item?pid=COMGMVCPWBZJYKP3
COMG666GNPZQ6HGC,https://www.flipkart.com/product/p/item?pid=COMG666GNPZQ6HGC
COMGH3V3G7MPXF4U,https://www.flipkart.com/product/p/item?pid=COMGH3V3G7MPXF4U
COMGE82N4NN5FGHC,https://www.flipkart.com/product/p/item?pid=COMGE82N4NN5FGHC
COMES3WCCQGH4FCV,https://www.flipkart.com/product/p/item?pid=COMES3WCCQGH4FCV
COMGFB2GTM7MMJYN,https://www.flipkart.com/product/p/item?pid=COMGFB2GTM7MMJYN
COMGFYQZGYPZNPGS,https://www.flipkart.com/product/p/item?pid=COMGFYQZGYPZNPGS
COMGZR7GZ2UDYSRG,https://www.flipkart.com/product/p/item?pid=COMGZR7GZ2UDYSRG
COMFWREFSMVE7FJG,https://www.flipkart.com/product/p/item?pid=COMFWREFSMVE7FJG
COMG8N9HR7TJCW5K,https://www.flipkart.com/product/p/item?pid=COMG8N9HR7TJCW5K
COMGFVWMDZPGK4WR,https://www.flipkart.com/product/p/item?pid=COMGFVWMDZPGK4WR
COMGHFTHHXH9AKMS,https://www.flipkart.com/product/p/item?pid=COMGHFTHHXH9AKMS
COMGMM3HVVKFTAXZ,https://www.flipkart.com/product/p/item?pid=COMGMM3HVVKFTAXZ
COMFGNHGKYJEYGG3,https://www.flipkart.com/product/p/item?pid=COMFGNHGKYJEYGG3
COMGHQYYHWHEJGWJ,https://www.flipkart.com/product/p/item?pid=COMGHQYYHWHEJGWJ
COMGM7VXTVUMW9XV,https://www.flipkart.com/product/p/item?pid=COMGM7VXTVUMW9XV
COMGZMKFQYHVEUXH,https://www.flipkart.com/product/p/item?pid=COMGZMKFQYHVEUXH
COMGH3XBQUDKAMCA,https://www.flipkart.com/product/p/item?pid=COMGH3XBQUDKAMCA
COMFSYCZAGGEFBV9,https://www.flipkart.com/product/p/item?pid=COMFSYCZAGGEFBV9
COMGZNSBWY8HA2V9,https://www.flipkart.com/product/p/item?pid=COMGZNSBWY8HA2V9
COMGGHMQUHQ6TYBC,https://www.flipkart.com/product/p/item?pid=COMGGHMQUHQ6TYBC
COMGPFPCBEHB8ADH,https://www.flipkart.com/product/p/item?pid=COMGPFPCBEHB8ADH
COMGPFPCRZKCNTZT,https://www.flipkart.com/product/p/item?pid=COMGPFPCRZKCNTZT
COMGPFPCCSWTB9HQ,https://www.flipkart.com/product/p/item?pid=COMGPFPCCSWTB9HQ
COMGPFPCG4NQ9ADY,https://www.flipkart.com/product/p/item?pid=COMGPFPCG4NQ9ADY
COMGPFPCH45NFKRY,https://www.flipkart.com/product/p/item?pid=COMGPFPCH45NFKRY
COMGPFPCQQHGYUK5,https://www.flipkart.com/product/p/item?pid=COMGPFPCQQHGYUK5
COMGPFPCTG7X3FUZ,https://www.flipkart.com/product/p/item?pid=COMGPFPCTG7X3FUZ
COMGGNVXGBGDFSGG,https://www.flipkart.com/product/p/item?pid=COMGGNVXGBGDFSGG
COMGKCFXPF5GZ6XM,https://www.flipkart.com/product/p/item?pid=COMGKCFXPF5GZ6XM
COMG72M9XXDCHEQZ,https://www.flipkart.com/product/p/item?pid=COMG72M9XXDCHEQZ
COMGZKHQUQDBWXHT,https://www.flipkart.com/product/p/item?pid=COMGZKHQUQDBWXHT
COMGPFPCRZKCNTZT,https://www.flipkart.com/product/p/item?pid=COMGPFPCRZKCNTZT
COMGPFPCTG7X3FUZ,https://www.flipkart.com/product/p/item?pid=COMGPFPCTG7X3FUZ
COMGGNVXGBGDFSGG,https://www.flipkart.com/product/p/item?pid=COMGGNVXGBGDFSGG
COMGPFPCY3YUVRWZ,https://www.flipkart.com/product/p/item?pid=COMGPFPCY3YUVRWZ
COMGPFPCFGUXQYQC,https://www.flipkart.com/product/p/item?pid=COMGPFPCFGUXQYQC
COMGPFPCG4JW2YNP,https://www.flipkart.com/product/p/item?pid=COMGPFPCG4JW2YNP
COMGPFPCQW8GCUF7,https://www.flipkart.com/product/p/item?pid=COMGPFPCQW8GCUF7
COMGPFPCYAZWZRDZ,https://www.flipkart.com/product/p/item?pid=COMGPFPCYAZWZRDZ
COMG8ZERNFVMXU8Z,https://www.flipkart.com/product/p/item?pid=COMG8ZERNFVMXU8Z
COMG9NYDEJDHJZ5Q,https://www.flipkart.com/product/p/item?pid=COMG9NYDEJDHJZ5Q
COMGMV6VX8FZFWXH,https://www.flipkart.com/product/p/item?pid=COMGMV6VX8FZFWXH
COMGHA9RHGKVKFZD,https://www.flipkart.com/product/p/item?pid=COMGHA9RHGKVKFZD
COMGCGSTY9RYYCQV,https://www.flipkart.com/product/p/item?pid=COMGCGSTY9RYYCQV
COMGPFPCVF6A6HP3,https://www.flipkart.com/product/p/item?pid=COMGPFPCVF6A6HP3
COMGKCFXPF5GZ6XM,https://www.flipkart.com/product/p/item?pid=COMGKCFXPF5GZ6XM
COMGP8QVFEDKUKCG,https://www.flipkart.com/product/p/item?pid=COMGP8QVFEDKUKCG
COMGPFPC75PFGBJH,https://www.flipkart.com/product/p/item?pid=COMGPFPC75PFGBJH
COMGPFPCEJ5HHXKA,https://www.flipkart.com/product/p/item?pid=COMGPFPCEJ5HHXKA
COMGPFPCTS9SK94A,https://www.flipkart.com/product/p/item?pid=COMGPFPCTS9SK94A
COMGPFPCYRKGNZ6F,https://www.flipkart.com/product/p/item?pid=COMGPFPCYRKGNZ6F
COMGZKHQUQDBWXHT,https://www.flipkart.com/product/p/item?pid=COMGZKHQUQDBWXHT
COMG54MFGCDY2ZDG,https://www.flipkart.com/product/p/item?pid=COMG54MFGCDY2ZDG
COMGZU7DESGXXRSH,https://www.flipkart.com/product/p/item?pid=COMGZU7DESGXXRSH
COMGJ75HSGKRCCSQ,https://www.flipkart.com/product/p/item?pid=COMGJ75HSGKRCCSQ
COMEUYW8HNHQ7VCV,https://www.flipkart.com/product/p/item?pid=COMEUYW8HNHQ7VCV
COMGKC6Y69SM7VNP,https://www.flipkart.com/product/p/item?pid=COMGKC6Y69SM7VNP
COMGKC6YFXSE7QG4,https://www.flipkart.com/product/p/item?pid=COMGKC6YFXSE7QG4
COMG87FFPEDAAGXW,https://www.flipkart.com/product/p/item?pid=COMG87FFPEDAAGXW
COMGJ75HSGKRCCSQ,https://www.flipkart.com/product/p/item?pid=COMGJ75HSGKRCCSQ
COMGMGSJYJE8PGEA,https://www.flipkart.com/product/p/item?pid=COMGMGSJYJE8PGEA
COMGZMWZUDHRCQCV,https://www.flipkart.com/product/p/item?pid=COMGZMWZUDHRCQCV
COMGZT6ZK6NHYRZR,https://www.flipkart.com/product/p/item?pid=COMGZT6ZK6NHYRZR
COMG54MFGCDY2ZDG,https://www.flipkart.com/product/p/item?pid=COMG54MFGCDY2ZDG
COMGZU7DESGXXRSH,https://www.flipkart.com/product/p/item?pid=COMGZU7DESGXXRSH
COMGH8YQ5EN2X3T7,https://www.flipkart.com/product/p/item?pid=COMGH8YQ5EN2X3T7
COMG72M9XXDCHEQZ,https://www.flipkart.com/product/p/item?pid=COMG72M9XXDCHEQZ
COMGFWCYNB6HSFYR,https://www.flipkart.com/product/p/item?pid=COMGFWCYNB6HSFYR
COMGZ7CMDKJZH2BG,https://www.flipkart.com/product/p/item?pid=COMGZ7CMDKJZH2BG
COMGGJZFSCJ2W7JY,https://www.flipkart.com/product/p/item?pid=COMGGJZFSCJ2W7JY
COMGHJ46ZGSH5NP2,https://www.flipkart.com/product/p/item?pid=COMGHJ46ZGSH5NP2
COMEWGGD7PPP4UZF,https://www.flipkart.com/product/p/item?pid=COMEWGGD7PPP4UZF
COMG3TZGFGYDYGPD,https://www.flipkart.com/product/p/item?pid=COMG3TZGFGYDYGPD
COMG87FF2SD7ZHK6,https://www.flipkart.com/product/p/item?pid=COMG87FF2SD7ZHK6
COMGH53NZFJVZEBX,https://www.flipkart.com/product/p/item?pid=COMGH53NZFJVZEBX
COMGMNCQZ8UWJ2SF,https://www.flipkart.com/product/p/item?pid=COMGMNCQZ8UWJ2SF
COMGGYEB8F8NP6ZX,https://www.flipkart.com/product/p/item?pid=COMGGYEB8F8NP6ZX
COMG3ZHYSKAZYE38,https://www.flipkart.com/product/p/item?pid=COMG3ZHYSKAZYE38
COMGZF32DZFYXPCR,https://www.flipkart.com/product/p/item?pid=COMGZF32DZFYXPCR
COMG3ZHYSKAZYE38,https://www.flipkart.com/product/p/item?pid=COMG3ZHYSKAZYE38
COMGZF32DZFYXPCR,https://www.flipkart.com/product/p/item?pid=COMGZF32DZFYXPCR
COMGBNUMF8CDJZFH,https://www.flipkart.com/product/p/item?pid=COMGBNUMF8CDJZFH
COMGEHP5EFEGWZW5,https://www.flipkart.com/product/p/item?pid=COMGEHP5EFEGWZW5
COMGEHP5MQDBZZPG,https://www.flipkart.com/product/p/item?pid=COMGEHP5MQDBZZPG
COMGFQ4AFESGXSJ3,https://www.flipkart.com/product/p/item?pid=COMGFQ4AFESGXSJ3
COMG9NYDCJB3MGFK,https://www.flipkart.com/product/p/item?pid=COMG9NYDCJB3MGFK
COMFABHZFGVJWXBV,https://www.flipkart.com/product/p/item?pid=COMFABHZFGVJWXBV
COMG36BSJWHQDN68,https://www.flipkart.com/product/p/item?pid=COMG36BSJWHQDN68
COMGZMKFSM3F65NY,https://www.flipkart.com/product/p/item?pid=COMGZMKFSM3F65NY
COMGGR9SPXCF8RUU,https://www.flipkart.com/product/p/item?pid=COMGGR9SPXCF8RUU
COMGFWCYX6MHFH97,https://www.flipkart.com/product/p/item?pid=COMGFWCYX6MHFH97
COMF3EN4K9SCFQKU,https://www.flipkart.com/product/p/item?pid=COMF3EN4K9SCFQKU
COMGZBHZTTXGGXXZ,https://www.flipkart.com/product/p/item?pid=COMGZBHZTTXGGXXZ
COMGBHKF9E65BFZP,https://www.flipkart.com/product/p/item?pid=COMGBHKF9E65BFZP
COMGMGXFRJJDBJZ9,https://www.flipkart.com/product/p/item?pid=COMGMGXFRJJDBJZ9
COMFUZ3JZ6VQZN9Y,https://www.flipkart.com/product/p/item?pid=COMFUZ3JZ6VQZN9Y
COMG3Y4WSKZ5JJAP,https://www.flipkart.com/product/p/item?pid=COMG3Y4WSKZ5JJAP
COMGGYEBMHTFBDJA,https://www.flipkart.com/product/p/item?pid=COMGGYEBMHTFBDJA
COMGBSGJMNEZGKS8,https://www.flipkart.com/product/p/item?pid=COMGBSGJMNEZGKS8
COMGCV52JNQGDZJY,https://www.flipkart.com/product/p/item?pid=COMGCV52JNQGDZJY
COMGZMXTZ2UA8WY8,https://www.flipkart.com/product/p/item?pid=COMGZMXTZ2UA8WY8
COMG36BSGU46YWAX,https://www.flipkart.com/product/p/item?pid=COMG36BSGU46YWAX
COMGBNFUHREA8EJN,https://www.flipkart.com/product/p/item?pid=COMGBNFUHREA8EJN
COMGBNFUHREA8EJN,https://www.flipkart.com/product/p/item?pid=COMGBNFUHREA8EJN
COMG62ZCYXBHRFZF,https://www.flipkart.com/product/p/item?pid=COMG62ZCYXBHRFZF
COMGH2WT6AR6RHZJ,https://www.flipkart.com/product/p/item?pid=COMGH2WT6AR6RHZJ
COMGMNCQUA6YCGVT,https://www.flipkart.com/product/p/item?pid=COMGMNCQUA6YCGVT
COMGZ763HJFBAHFH,https://www.flipkart.com/product/p/item?pid=COMGZ763HJFBAHFH
COMGNY3BTHRQ8MJG,https://www.flipkart.com/product/p/item?pid=COMGNY3BTHRQ8MJG
COMGFPGXDA6KTNXY,https://www.flipkart.com/product/p/item?pid=COMGFPGXDA6KTNXY
COMGZ5F3P7SB7BAY,https://www.flipkart.com/product/p/item?pid=COMGZ5F3P7SB7BAY
COMGHQ3ZMM5GTPG6,https://www.flipkart.com/product/p/item?pid=COMGHQ3ZMM5GTPG6
COMGPNF6PGYZGJXY,https://www.flipkart.com/product/p/item?pid=COMGPNF6PGYZGJXY
COMGPNF6QFNHEU9G,https://www.flipkart.com/product/p/item?pid=COMGPNF6QFNHEU9G
COMGGYRHXFUPTDGM,https://www.flipkart.com/product/p/item?pid=COMGGYRHXFUPTDGM
COMGH3FH8VRWGEBP,https://www.flipkart.com/product/p/item?pid=COMGH3FH8VRWGEBP
COMGGYEBWVKYPSHG,https://www.flipkart.com/product/p/item?pid=COMGGYEBWVKYPSHG
COMGD4Y5G53ZV9QF,https://www.flipkart.com/product/p/item?pid=COMGD4Y5G53ZV9QF
COMGPNF64Y2FV72G,https://www.flipkart.com/product/p/item?pid=COMGPNF64Y2FV72G
COMFVKZG7PEB2J5N,https://www.flipkart.com/product/p/item?pid=COMFVKZG7PEB2J5N
COMGHMH6HQHQUMEG,https://www.flipkart.com/product/p/item?pid=COMGHMH6HQHQUMEG
COMGGYEBBQFFPTTN,https://www.flipkart.com/product/p/item?pid=COMGGYEBBQFFPTTN
COMG9H9SYUPXXEMF,https://www.flipkart.com/product/p/item?pid=COMG9H9SYUPXXEMF
COMFFY9MHJM3FEHW,https://www.flipkart.com/product/p/item?pid=COMFFY9MHJM3FEHW
COMGP8QVAAGWKCDP,https://www.flipkart.com/product/p/item?pid=COMGP8QVAAGWKCDP
COMGP8QVDXUHJXDE,https://www.flipkart.com/product/p/item?pid=COMGP8QVDXUHJXDE
COMGCYCEGHGCPEDJ,https://www.flipkart.com/product/p/item?pid=COMGCYCEGHGCPEDJ
COMGGJQXDWYFUED2,https://www.flipkart.com/product/p/item?pid=COMGGJQXDWYFUED2
COMGZMKF3UAXVYU9,https://www.flipkart.com/product/p/item?pid=COMGZMKF3UAXVYU9
COMGGUV6AKUDZZFR,https://www.flipkart.com/product/p/item?pid=COMGGUV6AKUDZZFR
COMGNRNVW3HHPXFD,https://www.flipkart.com/product/p/item?pid=COMGNRNVW3HHPXFD
COMG36826UHAD8PW,https://www.flipkart.com/product/p/item?pid=COMG36826UHAD8PW
COMGZMKFJ8ERMGJH,https://www.flipkart.com/product/p/item?pid=COMGZMKFJ8ERMGJH
COMGP8QV5USF8QDE,https://www.flipkart.com/product/p/item?pid=COMGP8QV5USF8QDE
COMFTWZDS7SYPES7,https://www.flipkart.com/product/p/item?pid=COMFTWZDS7SYPES7
COMGENKVSBGRFT3Z,https://www.flipkart.com/product/p/item?pid=COMGENKVSBGRFT3Z
COMGAMGXGNZTYCAC,https://www.flipkart.com/product/p/item?pid=COMGAMGXGNZTYCAC
COMGP3FG5QAZPHKF,https://www.flipkart.com/product/p/item?pid=COMGP3FG5QAZPHKF
COMGP8QVGQ36VP4T,https://www.flipkart.com/product/p/item?pid=COMGP8QVGQ36VP4T
COMGP8QVZHRWWNZF,https://www.flipkart.com/product/p/item?pid=COMGP8QVZHRWWNZF
COMGP8QVZQTRCYBX,https://www.flipkart.com/product/p/item?pid=COMGP8QVZQTRCYBX
COMGZ3MYRYGBHCAV,https://www.flipkart.com/product/p/item?pid=COMGZ3MYRYGBHCAV
COMG3P7NVV5NPGRV,https://www.flipkart.com/product/p/item?pid=COMG3P7NVV5NPGRV
COMGZ3S6UGWCS9PR,https://www.flipkart.com/product/p/item?pid=COMGZ3S6UGWCS9PR
COMGPRZYYAZYVXK4,https://www.flipkart.com/product/p/item?pid=COMGPRZYYAZYVXK4
COMEX3U7UDM6HVCZ,https://www.flipkart.com/product/p/item?pid=COMEX3U7UDM6HVCZ
COMGZMHWYM3HH5EH,https://www.flipkart.com/product/p/item?pid=COMGZMHWYM3HH5EH
COMG6EZ2ZFNN6GCW,https://www.flipkart.com/product/p/item?pid=COMG6EZ2ZFNN6GCW
COMGZNSBHNFH7HH5,https://www.flipkart.com/product/p/item?pid=COMGZNSBHNFH7HH5
COMG36BSYCJQMNSW,https://www.flipkart.com/product/p/item?pid=COMG36BSYCJQMNSW
COMG9NYDNTXW37SK,https://www.flipkart.com/product/p/item?pid=COMG9NYDNTXW37SK
COMGPRZYYAZYVXK4,https://www.flipkart.com/product/p/item?pid=COMGPRZYYAZYVXK4
COMGMV6VU38G9B7K,https://www.flipkart.com/product/p/item?pid=COMGMV6VU38G9B7K
COMGP2YUUZGCTWE4,https://www.flipkart.com/product/p/item?pid=COMGP2YUUZGCTWE4
COMGPJYMDH7VEKU8,https://www.flipkart.com/product/p/item?pid=COMGPJYMDH7VEKU8
COMGP6ZASZ3CBHFK,https://www.flipkart.com/product/p/item?pid=COMGP6ZASZ3CBHFK
COMGNRNVDFUG9HGG,https://www.flipkart.com/product/p/item?pid=COMGNRNVDFUG9HGG
COMGPFPCQ2BHETTH,https://www.flipkart.com/product/p/item?pid=COMGPFPCQ2BHETTH
COMG2ZZZ57RSWQUG,https://www.flipkart.com/product/p/item?pid=COMG2ZZZ57RSWQUG
COMGGHMEP2NFGUMH,https://www.flipkart.com/product/p/item?pid=COMGGHMEP2NFGUMH
COMG6YYRBH2WM5G5,https://www.flipkart.com/product/p/item?pid=COMG6YYRBH2WM5G5
COMGPZUFEEC4RJGB,https://www.flipkart.com/product/p/item?pid=COMGPZUFEEC4RJGB
COMGJ75HGP4K6G2W,https://www.flipkart.com/product/p/item?pid=COMGJ75HGP4K6G2W
COMF5FT4FKAMFAKU,https://www.flipkart.com/product/p/item?pid=COMF5FT4FKAMFAKU
COMGPGPRVGKD6H7F,https://www.flipkart.com/product/p/item?pid=COMGPGPRVGKD6H7F
COMGZMKFYWTYHDYH,https://www.flipkart.com/product/p/item?pid=COMGZMKFYWTYHDYH
COMGMV6V9Z46EJ3U,https://www.flipkart.com/product/p/item?pid=COMGMV6V9Z46EJ3U
COMGZ5F34DHNDHHF,https://www.flipkart.com/product/p/item?pid=COMGZ5F34DHNDHHF
COMGM7VXAU6AYDVM,https://www.flipkart.com/product/p/item?pid=COMGM7VXAU6AYDVM
COMG99KMN9BS6C7Z,https://www.flipkart.com/product/p/item?pid=COMG99KMN9BS6C7Z
COMGZR8R59TWSPQZ,https://www.flipkart.com/product/p/item?pid=COMGZR8R59TWSPQZ
COMGMGXFFMTNJZ7X,https://www.flipkart.com/product/p/item?pid=COMGMGXFFMTNJZ7X
COMGFWCYKH5JAM6Y,https://www.flipkart.com/product/p/item?pid=COMGFWCYKH5JAM6Y
COMGJMGBJHK99WDK,https://www.flipkart.com/product/p/item?pid=COMGJMGBJHK99WDK
COMGZ3SPZMUK8GYF,https://www.flipkart.com/product/p/item?pid=COMGZ3SPZMUK8GYF
COMGMGXFFMTNJZ7X,https://www.flipkart.com/product/p/item?pid=COMGMGXFFMTNJZ7X
COMGJMGBJHK99WDK,https://www.flipkart.com/product/p/item?pid=COMGJMGBJHK99WDK
COMGFWCYKH5JAM6Y,https://www.flipkart.com/product/p/item?pid=COMGFWCYKH5JAM6Y
COMGKW2NUQJFVKSC,https://www.flipkart.com/product/p/item?pid=COMGKW2NUQJFVKSC
COMG7HHSQFEZDJ5W,https://www.flipkart.com/product/p/item?pid=COMG7HHSQFEZDJ5W
COMG2K9ZBFJ3ZASR,https://www.flipkart.com/product/p/item?pid=COMG2K9ZBFJ3ZASR
COMGZDQJRRW29FZS,https://www.flipkart.com/product/p/item?pid=COMGZDQJRRW29FZS
COMGG3S9JRVFZPMY,https://www.flipkart.com/product/p/item?pid=COMGG3S9JRVFZPMY
COMGHF6JXABTUWUR,https://www.flipkart.com/product/p/item?pid=COMGHF6JXABTUWUR
COMGKNA6B4E23KPT,https://www.flipkart.com/product/p/item?pid=COMGKNA6B4E23KPT
COMGZMKFGHTGPDRU,https://www.flipkart.com/product/p/item?pid=COMGZMKFGHTGPDRU
COMGCRV6RZ4TEEDK,https://www.flipkart.com/product/p/item?pid=COMGCRV6RZ4TEEDK
COMGZ3SPZMUK8GYF,https://www.flipkart.com/product/p/item?pid=COMGZ3SPZMUK8GYF
COMGNPHAXCGDBBDP,https://www.flipkart.com/product/p/item?pid=COMGNPHAXCGDBBDP
COMGQATYNNAXZM2S,https://www.flipkart.com/product/p/item?pid=COMGQATYNNAXZM2S
COMFQFG9VFZ3BMHD,https://www.flipkart.com/product/p/item?pid=COMFQFG9VFZ3BMHD
COMGZTFDZGCSMG8Y,https://www.flipkart.com/product/p/item?pid=COMGZTFDZGCSMG8Y
COMGZVGHDFPZKD4X,https://www.flipkart.com/product/p/item?pid=COMGZVGHDFPZKD4X
COMGM2MAYMKMTT4W,https://www.flipkart.com/product/p/item?pid=COMGM2MAYMKMTT4W
COMGNGEBH8WZCXZN,https://www.flipkart.com/product/p/item?pid=COMGNGEBH8WZCXZN
COMGZNSBS7Z959EW,https://www.flipkart.com/product/p/item?pid=COMGZNSBS7Z959EW
COMEQBGDGHYZAX4G,https://www.flipkart.com/product/p/item?pid=COMEQBGDGHYZAX4G
COMG4BX9FCPBCCRW,https://www.flipkart.com/product/p/item?pid=COMG4BX9FCPBCCRW
COMGZ5F3BTZ7QEVD,https://www.flipkart.com/product/p/item?pid=COMGZ5F3BTZ7QEVD
COMF7US7QH7WHGA5,https://www.flipkart.com/product/p/item?pid=COMF7US7QH7WHGA5
COMGP8QVTK3EQDXE,https://www.flipkart.com/product/p/item?pid=COMGP8QVTK3EQDXE
COMGZS9GYMHMGDT6,https://www.flipkart.com/product/p/item?pid=COMGZS9GYMHMGDT6
COMGZ3SPZMUK8GYF,https://www.flipkart.com/product/p/item?pid=COMGZ3SPZMUK8GYF
COMGZMKFXVECFKC8,https://www.flipkart.com/product/p/item?pid=COMGZMKFXVECFKC8
COMGGH4KUZFVRQ2Z,https://www.flipkart.com/product/p/item?pid=COMGGH4KUZFVRQ2Z
COMFVSYVAM3MPYEH,https://www.flipkart.com/product/p/item?pid=COMFVSYVAM3MPYEH
COMGDRC9UUY5NDRR,https://www.flipkart.com/product/p/item?pid=COMGDRC9UUY5NDRR
COMGPXMKYMBK2CQA,https://www.flipkart.com/product/p/item?pid=COMGPXMKYMBK2CQA
COMGF3B7K5FAXBXV,https://www.flipkart.com/product/p/item?pid=COMGF3B7K5FAXBXV
COMGP22NZZSRJKWC,https://www.flipkart.com/product/p/item?pid=COMGP22NZZSRJKWC
COMFG9YRKW6YM6WX,https://www.flipkart.com/product/p/item?pid=COMFG9YRKW6YM6WX
COMG4J5GAFCYD4RP,https://www.flipkart.com/product/p/item?pid=COMG4J5GAFCYD4RP
COMGPU47KZHXAACH,https://www.flipkart.com/product/p/item?pid=COMGPU47KZHXAACH
COMG4WZ7FBP4SDAA,https://www.flipkart.com/product/p/item?pid=COMG4WZ7FBP4SDAA
COMGHJ46TMZFEPYE,https://www.flipkart.com/product/p/item?pid=COMGHJ46TMZFEPYE
COMGPXFYQFGBD3DT,https://www.flipkart.com/product/p/item?pid=COMGPXFYQFGBD3DT
COMGJ75HHG7U3ZSG,https://www.flipkart.com/product/p/item?pid=COMGJ75HHG7U3ZSG
COMGP22NMZQ5JN6T,https://www.flipkart.com/product/p/item?pid=COMGP22NMZQ5JN6T
COMGPNG4TCUJRPK2,https://www.flipkart.com/product/p/item?pid=COMGPNG4TCUJRPK2
COMGG3S9HPZAGCGN,https://www.flipkart.com/product/p/item?pid=COMGG3S9HPZAGCGN
COMGFWCYMWQHUABW,https://www.flipkart.com/product/p/item?pid=COMGFWCYMWQHUABW
COMFC9JMMQUZFEFS,https://www.flipkart.com/product/p/item?pid=COMFC9JMMQUZFEFS
COMGPNG4ZJAFR3PH,https://www.flipkart.com/product/p/item?pid=COMGPNG4ZJAFR3PH
COMGPUDYNVSXBW4W,https://www.flipkart.com/product/p/item?pid=COMGPUDYNVSXBW4W
COMGGBGRYJF4RN9S,https://www.flipkart.com/product/p/item?pid=COMGGBGRYJF4RN9S
COMGPXFYQFGBD3DT,https://www.flipkart.com/product/p/item?pid=COMGPXFYQFGBD3DT
COMGHJ46TMZFEPYE,https://www.flipkart.com/product/p/item?pid=COMGHJ46TMZFEPYE
COMG4WZ7FBP4SDAA,https://www.flipkart.com/product/p/item?pid=COMG4WZ7FBP4SDAA
COMGZS9GYMHMGDT6,https://www.flipkart.com/product/p/item?pid=COMGZS9GYMHMGDT6
COMGMFK7MHZWV5YY,https://www.flipkart.com/product/p/item?pid=COMGMFK7MHZWV5YY
COMGJ75HBFWSDCTR,https://www.flipkart.com/product/p/item?pid=COMGJ75HBFWSDCTR
COMGH3UFXZYZE6AG,https://www.flipkart.com/product/p/item?pid=COMGH3UFXZYZE6AG
COMGEHP5T7J9M7U7,https://www.flipkart.com/product/p/item?pid=COMGEHP5T7J9M7U7
COMGP9ZV4FSVGVGP,https://www.flipkart.com/product/p/item?pid=COMGP9ZV4FSVGVGP
COMFDGW3EHXBFHG2,https://www.flipkart.com/product/p/item?pid=COMFDGW3EHXBFHG2
COMGM7VX2GEKUXNC,https://www.flipkart.com/product/p/item?pid=COMGM7VX2GEKUXNC
COMGH8YQSUUZTXWG,https://www.flipkart.com/product/p/item?pid=COMGH8YQSUUZTXWG
COMG5AYMDY4WBVWP,https://www.flipkart.com/product/p/item?pid=COMG5AYMDY4WBVWP
COMGF3324VCUJTUF,https://www.flipkart.com/product/p/item?pid=COMGF3324VCUJTUF
COMGHH37EFVWF9KV,https://www.flipkart.com/product/p/item?pid=COMGHH37EFVWF9KV
COMG3ZF8XRZAHVT7,https://www.flipkart.com/product/p/item?pid=COMG3ZF8XRZAHVT7
COMGPQEXKNS6N2ZM,https://www.flipkart.com/product/p/item?pid=COMGPQEXKNS6N2ZM
COMGCRFYZF5TK7ZU,https://www.flipkart.com/product/p/item?pid=COMGCRFYZF5TK7ZU
COMGPPGPXUCMF7JG,https://www.flipkart.com/product/p/item?pid=COMGPPGPXUCMF7JG
COMGZKHQHERZG2RP,https://www.flipkart.com/product/p/item?pid=COMGZKHQHERZG2RP
COMGGZ23GZFCQFCZ,https://www.flipkart.com/product/p/item?pid=COMGGZ23GZFCQFCZ
COMGH2WTEJHQSAQY,https://www.flipkart.com/product/p/item?pid=COMGH2WTEJHQSAQY
COMGHA9RB2HCTRR9,https://www.flipkart.com/product/p/item?pid=COMGHA9RB2HCTRR9
COMGFRHGEBGTUX96,https://www.flipkart.com/product/p/item?pid=COMGFRHGEBGTUX96
COMGHMQAWY4J78QH,https://www.flipkart.com/product/p/item?pid=COMGHMQAWY4J78QH
COMGZDQJYMNVAJCE,https://www.flipkart.com/product/p/item?pid=COMGZDQJYMNVAJCE
COMGJPSURQFFEFS9,https://www.flipkart.com/product/p/item?pid=COMGJPSURQFFEFS9
COMGP4JAYAJDKAUE,https://www.flipkart.com/product/p/item?pid=COMGP4JAYAJDKAUE
COMGJ75HJTPNGAFD,https://www.flipkart.com/product/p/item?pid=COMGJ75HJTPNGAFD
COMGCVHM7TAJFGNB,https://www.flipkart.com/product/p/item?pid=COMGCVHM7TAJFGNB
COMGD6KGRF4CZ2PB,https://www.flipkart.com/product/p/item?pid=COMGD6KGRF4CZ2PB
COMFXU6PYJXDWZD3,https://www.flipkart.com/product/p/item?pid=COMFXU6PYJXDWZD3
COMGZDQJBTAFSUMY,https://www.flipkart.com/product/p/item?pid=COMGZDQJBTAFSUMY
COMGH2WT8TVQ5H6T,https://www.flipkart.com/product/p/item?pid=COMGH2WT8TVQ5H6T
COMGGJZFVXYDGQBR,https://www.flipkart.com/product/p/item?pid=COMGGJZFVXYDGQBR
COMGH3UF7RZ7MUC4,https://www.flipkart.com/product/p/item?pid=COMGH3UF7RZ7MUC4
COMGB6DZZVHY7J6K,https://www.flipkart.com/product/p/item?pid=COMGB6DZZVHY7J6K
COMGE73KEFYBU8A9,https://www.flipkart.com/product/p/item?pid=COMGE73KEFYBU8A9
COMGJ75H9TH3ZGTD,https://www.flipkart.com/product/p/item?pid=COMGJ75H9TH3ZGTD
COMG9NYDGGGKQH4G,https://www.flipkart.com/product/p/item?pid=COMG9NYDGGGKQH4G
COMGC3HZSD5563YC,https://www.flipkart.com/product/p/item?pid=COMGC3HZSD5563YC
COMGBHZBMTQDSGEH,https://www.flipkart.com/product/p/item?pid=COMGBHZBMTQDSGEH
COMGEHP5F28TYVZC,https://www.flipkart.com/product/p/item?pid=COMGEHP5F28TYVZC
COMGZVGHGYG4A3V2,https://www.flipkart.com/product/p/item?pid=COMGZVGHGYG4A3V2
COMGBH9JUPSVKGGV,https://www.flipkart.com/product/p/item?pid=COMGBH9JUPSVKGGV
COMFHKKHKPRRG3ZZ,https://www.flipkart.com/product/p/item?pid=COMFHKKHKPRRG3ZZ
COMFQFG9GJNTT67S,https://www.flipkart.com/product/p/item?pid=COMFQFG9GJNTT67S
COMGDQHJGJXPQYY9,https://www.flipkart.com/product/p/item?pid=COMGDQHJGJXPQYY9
COMG24PGWEJEQCZN,https://www.flipkart.com/product/p/item?pid=COMG24PGWEJEQCZN
COMGHSHJWYGVVEBZ,https://www.flipkart.com/product/p/item?pid=COMGHSHJWYGVVEBZ
COMGG3S9DVFEZAFC,https://www.flipkart.com/product/p/item?pid=COMGG3S9DVFEZAFC
COMG5RQ2HEYHCJEC,https://www.flipkart.com/product/p/item?pid=COMG5RQ2HEYHCJEC
COMGGZ4WS3SAMB8Z,https://www.flipkart.com/product/p/item?pid=COMGGZ4WS3SAMB8Z
COMGHQYYV5YWBSVY,https://www.flipkart.com/product/p/item?pid=COMGHQYYV5YWBSVY
COMFWXWJX8GKZ57Y,https://www.flipkart.com/product/p/item?pid=COMFWXWJX8GKZ57Y
COMG6D9UBWS3PB2J,https://www.flipkart.com/product/p/item?pid=COMG6D9UBWS3PB2J
COMGZUPTMS35YZC8,https://www.flipkart.com/product/p/item?pid=COMGZUPTMS35YZC8
COMFVSRGMR6GZDXV,https://www.flipkart.com/product/p/item?pid=COMFVSRGMR6GZDXV
COMGHF2FPVYK3F4Y,https://www.flipkart.com/product/p/item?pid=COMGHF2FPVYK3F4Y
COMGHGYYTPVDHR4D,https://www.flipkart.com/product/p/item?pid=COMGHGYYTPVDHR4D
COMGMV9SGSFNZ8GD,https://www.flipkart.com/product/p/item?pid=COMGMV9SGSFNZ8GD
COMGPC5U8TZ9QPWW,https://www.flipkart.com/product/p/item?pid=COMGPC5U8TZ9QPWW
COMG26RVGAMPPUGS,https://www.flipkart.com/product/p/item?pid=COMG26RVGAMPPUGS
COMG4ZYCJZA8YNKX,https://www.flipkart.com/product/p/item?pid=COMG4ZYCJZA8YNKX
COMGAEHJ4BYZZEJJ,https://www.flipkart.com/product/p/item?pid=COMGAEHJ4BYZZEJJ
COMG4HYPMXYZHYR4,https://www.flipkart.com/product/p/item?pid=COMG4HYPMXYZHYR4
COMGGBGRCKYM3DXR,https://www.flipkart.com/product/p/item?pid=COMGGBGRCKYM3DXR
COMG6VRPCDUFX6X4,https://www.flipkart.com/product/p/item?pid=COMG6VRPCDUFX6X4
COMGFXGJSFZYY4AK,https://www.flipkart.com/product/p/item?pid=COMGFXGJSFZYY4AK
COMGFHMBCSTHRYQA,https://www.flipkart.com/product/p/item?pid=COMGFHMBCSTHRYQA
COMGZ54YHGDHHSH8,https://www.flipkart.com/product/p/item?pid=COMGZ54YHGDHHSH8
COMGZDQJTHBWRG2F,https://www.flipkart.com/product/p/item?pid=COMGZDQJTHBWRG2F
COMGGYEBNC6XDG4W,https://www.flipkart.com/product/p/item?pid=COMGGYEBNC6XDG4W
COMGGYEBSGX9SEBG,https://www.flipkart.com/product/p/item?pid=COMGGYEBSGX9SEBG
COMGH53NRC3F9ZCP,https://www.flipkart.com/product/p/item?pid=COMGH53NRC3F9ZCP
COMGHQYYZAPDVHGJ,https://www.flipkart.com/product/p/item?pid=COMGHQYYZAPDVHGJ
COMFW3FVS4AMZHKN,https://www.flipkart.com/product/p/item?pid=COMFW3FVS4AMZHKN
COMGFH7UHDMFGW2A,https://www.flipkart.com/product/p/item?pid=COMGFH7UHDMFGW2A
COMGD2ZRJE2DDPGM,https://www.flipkart.com/product/p/item?pid=COMGD2ZRJE2DDPGM
COMGH3CDHYZSAX6F,https://www.flipkart.com/product/p/item?pid=COMGH3CDHYZSAX6F
COMFVNK6TZQ9GRB6,https://www.flipkart.com/product/p/item?pid=COMFVNK6TZQ9GRB6
COMGMGSJY7Q2QHAF,https://www.flipkart.com/product/p/item?pid=COMGMGSJY7Q2QHAF
COMFVKZG5G4Y99G7,https://www.flipkart.com/product/p/item?pid=COMFVKZG5G4Y99G7
COMG6F878EDPPGEY,https://www.flipkart.com/product/p/item?pid=COMG6F878EDPPGEY
COMGZNSBMUR7S8WY,https://www.flipkart.com/product/p/item?pid=COMGZNSBMUR7S8WY
COMG5KXYKZBETMAE,https://www.flipkart.com/product/p/item?pid=COMG5KXYKZBETMAE
COMGZ4PNFZMMUQQB,https://www.flipkart.com/product/p/item?pid=COMGZ4PNFZMMUQQB
COMGZ4PNVKKPW59C,https://www.flipkart.com/product/p/item?pid=COMGZ4PNVKKPW59C
COMGFPH2ZWTDZHK6,https://www.flipkart.com/product/p/item?pid=COMGFPH2ZWTDZHK6
COMFQFG9GJNTT67S,https://www.flipkart.com/product/p/item?pid=COMFQFG9GJNTT67S
COMGDQHJGJXPQYY9,https://www.flipkart.com/product/p/item?pid=COMGDQHJGJXPQYY9
COMG24PGWEJEQCZN,https://www.flipkart.com/product/p/item?pid=COMG24PGWEJEQCZN
COMGHSHJWYGVVEBZ,https://www.flipkart.com/product/p/item?pid=COMGHSHJWYGVVEBZ
COMGG3S9DVFEZAFC,https://www.flipkart.com/product/p/item?pid=COMGG3S9DVFEZAFC
COMGHQYYV5YWBSVY,https://www.flipkart.com/product/p/item?pid=COMGHQYYV5YWBSVY
COMGZUPTMS35YZC8,https://www.flipkart.com/product/p/item?pid=COMGZUPTMS35YZC8
COMFVSRGMR6GZDXV,https://www.flipkart.com/product/p/item?pid=COMFVSRGMR6GZDXV
COMGHF2FPVYK3F4Y,https://www.flipkart.com/product/p/item?pid=COMGHF2FPVYK3F4Y
COMGHGYYTPVDHR4D,https://www.flipkart.com/product/p/item?pid=COMGHGYYTPVDHR4D
COMGAEHJ4BYZZEJJ,https://www.flipkart.com/product/p/item?pid=COMGAEHJ4BYZZEJJ
COMG4HYPMXYZHYR4,https://www.flipkart.com/product/p/item?pid=COMG4HYPMXYZHYR4
COMGGBGRCKYM3DXR,https://www.flipkart.com/product/p/item?pid=COMGGBGRCKYM3DXR
COMG6VRPCDUFX6X4,https://www.flipkart.com/product/p/item?pid=COMG6VRPCDUFX6X4
COMGMV9SGSFNZ8GD,https://www.flipkart.com/product/p/item?pid=COMGMV9SGSFNZ8GD
COMGPC5U8TZ9QPWW,https://www.flipkart.com/product/p/item?pid=COMGPC5U8TZ9QPWW
COMG26RVGAMPPUGS,https://www.flipkart.com/product/p/item?pid=COMG26RVGAMPPUGS
COMG4ZYCJZA8YNKX,https://www.flipkart.com/product/p/item?pid=COMG4ZYCJZA8YNKX
COMGFXGJSFZYY4AK,https://www.flipkart.com/product/p/item?pid=COMGFXGJSFZYY4AK
COMGJ75HHZZ22GKF,https://www.flipkart.com/product/p/item?pid=COMGJ75HHZZ22GKF
COMG4S3GVRJR8KHS,https://www.flipkart.com/product/p/item?pid=COMG4S3GVRJR8KHS
COMGY8RDVK5TZGFC,https://www.flipkart.com/product/p/item?pid=COMGY8RDVK5TZGFC
COMGFHMBCSTHRYQA,https://www.flipkart.com/product/p/item?pid=COMGFHMBCSTHRYQA
COMGKYGD2MMZC54Z,https://www.flipkart.com/product/p/item?pid=COMGKYGD2MMZC54Z
COMG3FHBHHVQFVH8,https://www.flipkart.com/product/p/item?pid=COMG3FHBHHVQFVH8
COMGZNSBZMYMNUFU,https://www.flipkart.com/product/p/item?pid=COMGZNSBZMYMNUFU
COMGNZ6WHKSHKHYJ,https://www.flipkart.com/product/p/item?pid=COMGNZ6WHKSHKHYJ
COMGMGXF2U4ZJXVS,https://www.flipkart.com/product/p/item?pid=COMGMGXF2U4ZJXVS
COMGH2NJCZXMBHEG,https://www.flipkart.com/product/p/item?pid=COMGH2NJCZXMBHEG
COMGH8YQNBPF3WWP,https://www.flipkart.com/product/p/item?pid=COMGH8YQNBPF3WWP
COMGNFY5EDHT5GPF,https://www.flipkart.com/product/p/item?pid=COMGNFY5EDHT5GPF
COMFY8QXBGN8CZRB,https://www.flipkart.com/product/p/item?pid=COMFY8QXBGN8CZRB
COMGFWCYWQ2KEQYW,https://www.flipkart.com/product/p/item?pid=COMGFWCYWQ2KEQYW
COMGFWCY9EZEZNFN,https://www.flipkart.com/product/p/item?pid=COMGFWCY9EZEZNFN
COMFUZ3JTAJ2SQ85,https://www.flipkart.com/product/p/item?pid=COMFUZ3JTAJ2SQ85
COMGMGXFNWASKGZ4,https://www.flipkart.com/product/p/item?pid=COMGMGXFNWASKGZ4
COMG56SQHHEUNGJP,https://www.flipkart.com/product/p/item?pid=COMG56SQHHEUNGJP
COMGZWG4GVX8T7T7,https://www.flipkart.com/product/p/item?pid=COMGZWG4GVX8T7T7
COMGHY4DFFQC2ZHW,https://www.flipkart.com/product/p/item?pid=COMGHY4DFFQC2ZHW
COMGZDQJAHZJUHNS,https://www.flipkart.com/product/p/item?pid=COMGZDQJAHZJUHNS
COMGFSNUHPZHSYHR,https://www.flipkart.com/product/p/item?pid=COMGFSNUHPZHSYHR
COMGQA2VNERMJMDD,https://www.flipkart.com/product/p/item?pid=COMGQA2VNERMJMDD
COMGEWY45BMTDPET,https://www.flipkart.com/product/p/item?pid=COMGEWY45BMTDPET
COMFG9ZVFU27DCFW,https://www.flipkart.com/product/p/item?pid=COMFG9ZVFU27DCFW
COMG55HHHTHGWZ5Q,https://www.flipkart.com/product/p/item?pid=COMG55HHHTHGWZ5Q
COMGCPSUGM4VNZQN,https://www.flipkart.com/product/p/item?pid=COMGCPSUGM4VNZQN
COMFG9ZVHCWVNHZT,https://www.flipkart.com/product/p/item?pid=COMFG9ZVHCWVNHZT
COMGZMVFQGYYERFC,https://www.flipkart.com/product/p/item?pid=COMGZMVFQGYYERFC
COMGZVDP2FG3HNKY,https://www.flipkart.com/product/p/item?pid=COMGZVDP2FG3HNKY
COMGCNKD9QFSHUYP,https://www.flipkart.com/product/p/item?pid=COMGCNKD9QFSHUYP
COMGP8QVZG4VGXSC,https://www.flipkart.com/product/p/item?pid=COMGP8QVZG4VGXSC
COMGPU47H53ZHMHJ,https://www.flipkart.com/product/p/item?pid=COMGPU47H53ZHMHJ
COMG666GCXWNZJEA,https://www.flipkart.com/product/p/item?pid=COMG666GCXWNZJEA
COMG55HHHTHGWZ5Q,https://www.flipkart.com/product/p/item?pid=COMG55HHHTHGWZ5Q
COMFG9ZVHCWVNHZT,https://www.flipkart.com/product/p/item?pid=COMFG9ZVHCWVNHZT
COMGCNKD9QFSHUYP,https://www.flipkart.com/product/p/item?pid=COMGCNKD9QFSHUYP
COMGP8QVZG4VGXSC,https://www.flipkart.com/product/p/item?pid=COMGP8QVZG4VGXSC
COMGPU47H53ZHMHJ,https://www.flipkart.com/product/p/item?pid=COMGPU47H53ZHMHJ
COMGP8QVABHGJBKD,https://www.flipkart.com/product/p/item?pid=COMGP8QVABHGJBKD
COMGKC6Y2WKZNUCQ,https://www.flipkart.com/product/p/item?pid=COMGKC6Y2WKZNUCQ
COMG666GCXWNZJEA,https://www.flipkart.com/product/p/item?pid=COMG666GCXWNZJEA
COMG3ZF8XMYZVJZ4,https://www.flipkart.com/product/p/item?pid=COMG3ZF8XMYZVJZ4
COMFTZ8FD2UNBYFM,https://www.flipkart.com/product/p/item?pid=COMFTZ8FD2UNBYFM
COMGMGXF9HMY69WF,https://www.flipkart.com/product/p/item?pid=COMGMGXF9HMY69WF
COMGCYF9EZKKPEWD,https://www.flipkart.com/product/p/item?pid=COMGCYF9EZKKPEWD
COMGGDD5RDGGRNZ3,https://www.flipkart.com/product/p/item?pid=COMGGDD5RDGGRNZ3
COMGP8QVMAK7HMZT,https://www.flipkart.com/product/p/item?pid=COMGP8QVMAK7HMZT
COMGCPSUGM4VNZQN,https://www.flipkart.com/product/p/item?pid=COMGCPSUGM4VNZQN
COMGP22NPAFSWBXD,https://www.flipkart.com/product/p/item?pid=COMGP22NPAFSWBXD
COMGPU47AYGUUBCJ,https://www.flipkart.com/product/p/item?pid=COMGPU47AYGUUBCJ
COMGPU47X9DMGZF6,https://www.flipkart.com/product/p/item?pid=COMGPU47X9DMGZF6
COMGKEMF3GH4NV8V,https://www.flipkart.com/product/p/item?pid=COMGKEMF3GH4NV8V
COMG6D9UGTFHK5SF,https://www.flipkart.com/product/p/item?pid=COMG6D9UGTFHK5SF
COMG442GHMXS9YNX,https://www.flipkart.com/product/p/item?pid=COMG442GHMXS9YNX
COMGPU47EPDNWPAX,https://www.flipkart.com/product/p/item?pid=COMGPU47EPDNWPAX
COMGZ3SPYQJDEJWQ,https://www.flipkart.com/product/p/item?pid=COMGZ3SPYQJDEJWQ
COMGJ4YGNM5ZBMVH,https://www.flipkart.com/product/p/item?pid=COMGJ4YGNM5ZBMVH
COMGPU477FG8SJWU,https://www.flipkart.com/product/p/item?pid=COMGPU477FG8SJWU
COMGPU47QYDMZKGX,https://www.flipkart.com/product/p/item?pid=COMGPU47QYDMZKGX
COMGPU47C7YK7AJ7,https://www.flipkart.com/product/p/item?pid=COMGPU47C7YK7AJ7
COMGPU47HC2SFAES,https://www.flipkart.com/product/p/item?pid=COMGPU47HC2SFAES
COMGHPY3GWDBV42P,https://www.flipkart.com/product/p/item?pid=COMGHPY3GWDBV42P
COMG9NYDYEH382TD,https://www.flipkart.com/product/p/item?pid=COMG9NYDYEH382TD
COMGZ68Q32EUHZCN,https://www.flipkart.com/product/p/item?pid=COMGZ68Q32EUHZCN
COMGHHVPAPKVVCKG,https://www.flipkart.com/product/p/item?pid=COMGHHVPAPKVVCKG
COMG6ZFCB5CP39HX,https://www.flipkart.com/product/p/item?pid=COMG6ZFCB5CP39HX
COMFTXCFX6GRXGJW,https://www.flipkart.com/product/p/item?pid=COMFTXCFX6GRXGJW
COMGGBGRGYT9MNXV,https://www.flipkart.com/product/p/item?pid=COMGGBGRGYT9MNXV
COMGZBHZ5ZTPKTDZ,https://www.flipkart.com/product/p/item?pid=COMGZBHZ5ZTPKTDZ
COMFVKZG6HAWKPMY,https://www.flipkart.com/product/p/item?pid=COMFVKZG6HAWKPMY
COMFTXCFBFKDK5TP,https://www.flipkart.com/product/p/item?pid=COMFTXCFBFKDK5TP
COMGD7BZ6RYVB24Y,https://www.flipkart.com/product/p/item?pid=COMGD7BZ6RYVB24Y
COMFVW9TT73PM9QH,https://www.flipkart.com/product/p/item?pid=COMFVW9TT73PM9QH
COMFCUPMTAM8K6EK,https://www.flipkart.com/product/p/item?pid=COMFCUPMTAM8K6EK
COMGG23CYN8HX6CS,https://www.flipkart.com/product/p/item?pid=COMGG23CYN8HX6CS
COMG2PZ3FHFK6XNQ,https://www.flipkart.com/product/p/item?pid=COMG2PZ3FHFK6XNQ
COMGMV7WA2VYJGHZ,https://www.flipkart.com/product/p/item?pid=COMGMV7WA2VYJGHZ
COMG36BSV74DD6JX,https://www.flipkart.com/product/p/item?pid=COMG36BSV74DD6JX
COMFW3FVGFJGECKR,https://www.flipkart.com/product/p/item?pid=COMFW3FVGFJGECKR
COMGFSNU8VEAMFYR,https://www.flipkart.com/product/p/item?pid=COMGFSNU8VEAMFYR
COMGDJPHTHD4JJNG,https://www.flipkart.com/product/p/item?pid=COMGDJPHTHD4JJNG
