product_id,product_link
COMGPU47C7YK7AJ7,https://www.flipkart.com/product/p/item?pid=COMGPU47C7YK7AJ7
COMGG3S9HPZAGCGN,https://www.flipkart.com/product/p/item?pid=COMGG3S9HPZAGCGN
COMGA5TUCZAV4HGH,https://www.flipkart.com/product/p/item?pid=COMGA5TUCZAV4HGH
COMGEFYGG4HXWVWY,https://www.flipkart.com/product/p/item?pid=COMGEFYGG4HXWVWY
COMGG3S9DVFEZAFC,https://www.flipkart.com/product/p/item?pid=COMGG3S9DVFEZAFC
COMGFHNGGWNDVGSY,https://www.flipkart.com/product/p/item?pid=COMGFHNGGWNDVGSY
COMG5YDPYEB7ZAKK,https://www.flipkart.com/product/p/item?pid=COMG5YDPYEB7ZAKK
COMG9FSFBZCGXTRT,https://www.flipkart.com/product/p/item?pid=COMG9FSFBZCGXTRT
COMFXEKMGNHZYFH9,https://www.flipkart.com/product/p/item?pid=COMFXEKMGNHZYFH9
COMGZYRYCB3JVMJS,https://www.flipkart.com/product/p/item?pid=COMGZYRYCB3JVMJS
COMGZ7YCWHTPFVYY,https://www.flipkart.com/product/p/item?pid=COMGZ7YCWHTPFVYY
COMGPU47QYDMZKGX,https://www.flipkart.com/product/p/item?pid=COMGPU47QYDMZKGX
COMGGTT4VFWG3FFM,https://www.flipkart.com/product/p/item?pid=COMGGTT4VFWG3FFM
COMGKW2NSU4SPZSG,https://www.flipkart.com/product/p/item?pid=COMGKW2NSU4SPZSG
COMGEMH5FTFWZZFZ,https://www.flipkart.com/product/p/item?pid=COMGEMH5FTFWZZFZ
COMGPU477FG8SJWU,https://www.flipkart.com/product/p/item?pid=COMGPU477FG8SJWU
COMGGJZFJRZY45WX,https://www.flipkart.com/product/p/item?pid=COMGGJZFJRZY45WX
COMGDSFCWQY5EFZB,https://www.flipkart.com/product/p/item?pid=COMGDSFCWQY5EFZB
COMGZ7YCXY6GWEGZ,https://www.flipkart.com/product/p/item?pid=COMGZ7YCXY6GWEGZ
COMGZ4PNGVCPNUBF,https://www.flipkart.com/product/p/item?pid=COMGZ4PNGVCPNUBF
COMGAGRYXAWSHSRM,https://www.flipkart.com/product/p/item?pid=COMGAGRYXAWSHSRM
COMGMM3HY5EMNFZA,https://www.flipkart.com/product/p/item?pid=COMGMM3HY5EMNFZA
COMGZVGHE9QU8C6M,https://www.flipkart.com/product/p/item?pid=COMGZVGHE9QU8C6M
COMGG3S9ZPRYMXS5,https://www.flipkart.com/product/p/item?pid=COMGG3S9ZPRYMXS5
COMGZ3SPX55WFP2V,https://www.flipkart.com/product/p/item?pid=COMGZ3SPX55WFP2V
COMGH3UFDF63TZYW,https://www.flipkart.com/product/p/item?pid=COMGH3UFDF63TZYW
COMGFRHGDB9G3Z9C,https://www.flipkart.com/product/p/item?pid=COMGFRHGDB9G3Z9C
COMGHA9RYJRG8JE6,https://www.flipkart.com/product/p/item?pid=COMGHA9RYJRG8JE6
COMGCGSTVVGKQTVA,https://www.flipkart.com/product/p/item?pid=COMGCGSTVVGKQTVA
COMGZSFYTH3A4MVB,https://www.flipkart.com/product/p/item?pid=COMGZSFYTH3A4MVB
COMGEHP5XGRNQBA4,https://www.flipkart.com/product/p/item?pid=COMGEHP5XGRNQBA4
COMGZ4PNXHHPKZCS,https://www.flipkart.com/product/p/item?pid=COMGZ4PNXHHPKZCS
COMGPU47HC2SFAES,https://www.flipkart.com/product/p/item?pid=COMGPU47HC2SFAES
COMGP24QHAAUK7JE,https://www.flipkart.com/product/p/item?pid=COMGP24QHAAUK7JE
COMGN5FVZZYEPYJ3,https://www.flipkart.com/product/p/item?pid=COMGN5FVZZYEPYJ3
COMGHN4MYVNWWQHG,https://www.flipkart.com/product/p/item?pid=COMGHN4MYVNWWQHG
COMGGR9S3YGZUHDZ,https://www.flipkart.com/product/p/item?pid=COMGGR9S3YGZUHDZ
COMGEG3ZNYZDAYVJ,https://www.flipkart.com/product/p/item?pid=COMGEG3ZNYZDAYVJ
COMGGQE9MNNXQUYS,https://www.flipkart.com/product/p/item?pid=COMGGQE9MNNXQUYS
COMGZ7YCDCSJNRZK,https://www.flipkart.com/product/p/item?pid=COMGZ7YCDCSJNRZK
COMGCG2GXUAAMYJF,https://www.flipkart.com/product/p/item?pid=COMGCG2GXUAAMYJF
COMGPU47RB5ZN33D,https://www.flipkart.com/product/p/item?pid=COMGPU47RB5ZN33D
COMGHF6JY8NYFVHC,https://www.flipkart.com/product/p/item?pid=COMGHF6JY8NYFVHC
COMGFM5BFZHDDB4R,https://www.flipkart.com/product/p/item?pid=COMGFM5BFZHDDB4R
COMGKC6Y2KA8HMFT,https://www.flipkart.com/product/p/item?pid=COMGKC6Y2KA8HMFT
COMGMV6VGZVHZ6XT,https://www.flipkart.com/product/p/item?pid=COMGMV6VGZVHZ6XT
COMGZS9GBHXJEDNV,https://www.flipkart.com/product/p/item?pid=COMGZS9GBHXJEDNV
COMGGQE9GJJK6HGR,https://www.flipkart.com/product/p/item?pid=COMGGQE9GJJK6HGR
COMGGQE9YYRZWNTG,https://www.flipkart.com/product/p/item?pid=COMGGQE9YYRZWNTG
COMGP26H8PHCAMZE,https://www.flipkart.com/product/p/item?pid=COMGP26H8PHCAMZE
COMGZ3SPZMUK8GYF,https://www.flipkart.com/product/p/item?pid=COMGZ3SPZMUK8GYF
COMGE73KYN76YZC7,https://www.flipkart.com/product/p/item?pid=COMGE73KYN76YZC7
COMGNJMCCHSS98VZ,https://www.flipkart.com/product/p/item?pid=COMGNJMCCHSS98VZ
COMGHA9RQKTUPZ3V,https://www.flipkart.com/product/p/item?pid=COMGHA9RQKTUPZ3V
COMGZ4PNYD7RRMTS,https://www.flipkart.com/product/p/item?pid=COMGZ4PNYD7RRMTS
COMGEHP5KH7CCPVH,https://www.flipkart.com/product/p/item?pid=COMGEHP5KH7CCPVH
COMGNY4F2QYD87BE,https://www.flipkart.com/product/p/item?pid=COMGNY4F2QYD87BE
COMGEHP5QMDCEWGK,https://www.flipkart.com/product/p/item?pid=COMGEHP5QMDCEWGK
COMGZ4PNH9ZQVZXC,https://www.flipkart.com/product/p/item?pid=COMGZ4PNH9ZQVZXC
COMGKNA68SH9C54B,https://www.flipkart.com/product/p/item?pid=COMGKNA68SH9C54B
COMGCRQZQDZRA53F,https://www.flipkart.com/product/p/item?pid=COMGCRQZQDZRA53F
COMGJ5TZFKZTRBSX,https://www.flipkart.com/product/p/item?pid=COMGJ5TZFKZTRBSX
COMGHPY3GWDBV42P,https://www.flipkart.com/product/p/item?pid=COMGHPY3GWDBV42P
COMGZ3MYJ2Z22ZAS,https://www.flipkart.com/product/p/item?pid=COMGZ3MYJ2Z22ZAS
COMGZ7YCAAFEHRYV,https://www.flipkart.com/product/p/item?pid=COMGZ7YCAAFEHRYV
COMGHAGNPKH4AR8V,https://www.flipkart.com/product/p/item?pid=COMGHAGNPKH4AR8V
COMGN2YDH9WVHY2H,https://www.flipkart.com/product/p/item?pid=COMGN2YDH9WVHY2H
COMGHR2J9RX2GG2G,https://www.flipkart.com/product/p/item?pid=COMGHR2J9RX2GG2G
COMGZDQJCTDUXGTX,https://www.flipkart.com/product/p/item?pid=COMGZDQJCTDUXGTX
COMGKC6YXBYAVU4F,https://www.flipkart.com/product/p/item?pid=COMGKC6YXBYAVU4F
COMGZ4PN42GHPHYE,https://www.flipkart.com/product/p/item?pid=COMGZ4PN42GHPHYE
COMGZZUAHCVXGZFS,https://www.flipkart.com/product/p/item?pid=COMGZZUAHCVXGZFS
COMGAE6BUHSSQAGF,https://www.flipkart.com/product/p/item?pid=COMGAE6BUHSSQAGF
COMGMGSJZQGQXKGZ,https://www.flipkart.com/product/p/item?pid=COMGMGSJZQGQXKGZ
COMGBVJMD2KJ5GGH,https://www.flipkart.com/product/p/item?pid=COMGBVJMD2KJ5GGH
COMGGYEBMHTFBDJA,https://www.flipkart.com/product/p/item?pid=COMGGYEBMHTFBDJA
COMGFA5FCNKUTPHG,https://www.flipkart.com/product/p/item?pid=COMGFA5FCNKUTPHG
COMGHYFYXXJT5FPZ,https://www.flipkart.com/product/p/item?pid=COMGHYFYXXJT5FPZ
COMGNFVDJQZEVH6X,https://www.flipkart.com/product/p/item?pid=COMGNFVDJQZEVH6X
COMGNY4FMEF9ZWT2,https://www.flipkart.com/product/p/item?pid=COMGNY4FMEF9ZWT2
COMGNGEBJTGS365F,https://www.flipkart.com/product/p/item?pid=COMGNGEBJTGS365F
COMGHMH6GVJ79VCH,https://www.flipkart.com/product/p/item?pid=COMGHMH6GVJ79VCH
COMGGKKZHDJBZXJX,https://www.flipkart.com/product/p/item?pid=COMGGKKZHDJBZXJX
COMGG3S9HWSFYNHW,https://www.flipkart.com/product/p/item?pid=COMGG3S9HWSFYNHW
COMGKAVGAGWWHZ2Y,https://www.flipkart.com/product/p/item?pid=COMGKAVGAGWWHZ2Y
COMGPYZR5ZW5HFGD,https://www.flipkart.com/product/p/item?pid=COMGPYZR5ZW5HFGD
COMGMV6VGGS4RHD8,https://www.flipkart.com/product/p/item?pid=COMGMV6VGGS4RHD8
COMGNY4VRQEC4XHH,https://www.flipkart.com/product/p/item?pid=COMGNY4VRQEC4XHH
COMGMGXFQZGYKEZG,https://www.flipkart.com/product/p/item?pid=COMGMGXFQZGYKEZG
COMGNRNUB4YZPDHM,https://www.flipkart.com/product/p/item?pid=COMGNRNUB4YZPDHM
COMGB732ZPGYB2JP,https://www.flipkart.com/product/p/item?pid=COMGB732ZPGYB2JP
COMGCGST9RM6UYQP,https://www.flipkart.com/product/p/item?pid=COMGCGST9RM6UYQP
COMG9VKERHP4FACH,https://www.flipkart.com/product/p/item?pid=COMG9VKERHP4FACH
COMGGQE9C2WNTEQ2,https://www.flipkart.com/product/p/item?pid=COMGGQE9C2WNTEQ2
COMG9UD4KTCKZ8GU,https://www.flipkart.com/product/p/item?pid=COMG9UD4KTCKZ8GU
COMGHYYKBZACVTBS,https://www.flipkart.com/product/p/item?pid=COMGHYYKBZACVTBS
COMGNY4VWHZKRSHT,https://www.flipkart.com/product/p/item?pid=COMGNY4VWHZKRSHT
COMGGMEYJVXAET6G,https://www.flipkart.com/product/p/item?pid=COMGGMEYJVXAET6G
COMGHQ3ZEP8YS3KZ,https://www.flipkart.com/product/p/item?pid=COMGHQ3ZEP8YS3KZ
COMGHZGHYVZZ5K3Y,https://www.flipkart.com/product/p/item?pid=COMGHZGHYVZZ5K3Y
COMGZ4PN8QF8ZGQQ,https://www.flipkart.com/product/p/item?pid=COMGZ4PN8QF8ZGQQ
COMGAY9Y7WXZYFDA,https://www.flipkart.com/product/p/item?pid=COMGAY9Y7WXZYFDA
COMGAX8EYBZZDXY6,https://www.flipkart.com/product/p/item?pid=COMGAX8EYBZZDXY6
COMGMNCQ4WJFHAKQ,https://www.flipkart.com/product/p/item?pid=COMGMNCQ4WJFHAKQ
COMGMXKHJWDAXEWJ,https://www.flipkart.com/product/p/item?pid=COMGMXKHJWDAXEWJ
COMGNRNUUGYRB96A,https://www.flipkart.com/product/p/item?pid=COMGNRNUUGYRB96A
COMGZS9GHNQCJC26,https://www.flipkart.com/product/p/item?pid=COMGZS9GHNQCJC26
COMGGJZVRQHWHDVH,https://www.flipkart.com/product/p/item?pid=COMGGJZVRQHWHDVH
COMGCWBEFHWXXY5A,https://www.flipkart.com/product/p/item?pid=COMGCWBEFHWXXY5A
COMGHZGHAYFEUYJC,https://www.flipkart.com/product/p/item?pid=COMGHZGHAYFEUYJC
COMGHZGHHG7UTT9B,https://www.flipkart.com/product/p/item?pid=COMGHZGHHG7UTT9B
COMGHZGH32RFFMVZ,https://www.flipkart.com/product/p/item?pid=COMGHZGH32RFFMVZ
COMGMGXFQ3QGPJCV,https://www.flipkart.com/product/p/item?pid=COMGMGXFQ3QGPJCV
COMGZ7YCAXM2AFNU,https://www.flipkart.com/product/p/item?pid=COMGZ7YCAXM2AFNU
COMG5YDPM8FZZWMQ,https://www.flipkart.com/product/p/item?pid=COMG5YDPM8FZZWMQ
COMGG63HRV3GFN4G,https://www.flipkart.com/product/p/item?pid=COMGG63HRV3GFN4G
COMGZDQJ4KUZRCGJ,https://www.flipkart.com/product/p/item?pid=COMGZDQJ4KUZRCGJ
COMGMGXFZ69GMKC2,https://www.flipkart.com/product/p/item?pid=COMGMGXFZ69GMKC2
COMGZMKFE8PZW4YH,https://www.flipkart.com/product/p/item?pid=COMGZMKFE8PZW4YH
COMGJ75HG3KKPEQS,https://www.flipkart.com/product/p/item?pid=COMGJ75HG3KKPEQS
COMGHPPSYJ6FDVGG,https://www.flipkart.com/product/p/item?pid=COMGHPPSYJ6FDVGG
COMGCG2GXGJGEYUW,https://www.flipkart.com/product/p/item?pid=COMGCG2GXGJGEYUW
COMGHMH6ZCGDH57Y,https://www.flipkart.com/product/p/item?pid=COMGHMH6ZCGDH57Y
COMGZKHQVMNZXEAH,https://www.flipkart.com/product/p/item?pid=COMGZKHQVMNZXEAH
COMGMXGVHCR5GR96,https://www.flipkart.com/product/p/item?pid=COMGMXGVHCR5GR96
COMGBHZB9KWHERHT,https://www.flipkart.com/product/p/item?pid=COMGBHZB9KWHERHT
COMGHMH6V9G5BHAX,https://www.flipkart.com/product/p/item?pid=COMGHMH6V9G5BHAX
COMGG3S9WZXTUHH2,https://www.flipkart.com/product/p/item?pid=COMGG3S9WZXTUHH2
COMGNGEBQEFXQKWF,https://www.flipkart.com/product/p/item?pid=COMGNGEBQEFXQKWF
COMGMV6VHGPAGP55,https://www.flipkart.com/product/p/item?pid=COMGMV6VHGPAGP55
COMGZ7YCE88QP2XM,https://www.flipkart.com/product/p/item?pid=COMGZ7YCE88QP2XM
COMGMM3HXJC3TYYH,https://www.flipkart.com/product/p/item?pid=COMGMM3HXJC3TYYH
COMG9UMZXYRPNNMS,https://www.flipkart.com/product/p/item?pid=COMG9UMZXYRPNNMS
COMGZP4BSFGAXTUH,https://www.flipkart.com/product/p/item?pid=COMGZP4BSFGAXTUH
COMGZ4PNFDZXHZ63,https://www.flipkart.com/product/p/item?pid=COMGZ4PNFDZXHZ63
COMGCRQZ22CJGEXB,https://www.flipkart.com/product/p/item?pid=COMGCRQZ22CJGEXB
COMGZ7FRS3ZG6TYB,https://www.flipkart.com/product/p/item?pid=COMGZ7FRS3ZG6TYB
COMGMSV98MBHV8XH,https://www.flipkart.com/product/p/item?pid=COMGMSV98MBHV8XH
COMGJ75HFJAUBR3H,https://www.flipkart.com/product/p/item?pid=COMGJ75HFJAUBR3H
COMGZDQJY7EPFK6B,https://www.flipkart.com/product/p/item?pid=COMGZDQJY7EPFK6B
COMGJ75HAXTTTV58,https://www.flipkart.com/product/p/item?pid=COMGJ75HAXTTTV58
COMGGVRGA4U2ZEYZ,https://www.flipkart.com/product/p/item?pid=COMGGVRGA4U2ZEYZ
COMG9NYDG58ZZVZZ,https://www.flipkart.com/product/p/item?pid=COMG9NYDG58ZZVZZ
COMGGVRGTU268GZK,https://www.flipkart.com/product/p/item?pid=COMGGVRGTU268GZK
COMGHQ3NWPPAPYF4,https://www.flipkart.com/product/p/item?pid=COMGHQ3NWPPAPYF4
COMGNGEBCMKXFR7F,https://www.flipkart.com/product/p/item?pid=COMGNGEBCMKXFR7F
COMGB6DZKZZVUQSW,https://www.flipkart.com/product/p/item?pid=COMGB6DZKZZVUQSW
COMGJY3GHZFTGHHY,https://www.flipkart.com/product/p/item?pid=COMGJY3GHZFTGHHY
COMGMV6VNCJ7TTYV,https://www.flipkart.com/product/p/item?pid=COMGMV6VNCJ7TTYV
COMGZNSBVNP7A9AP,https://www.flipkart.com/product/p/item?pid=COMGZNSBVNP7A9AP
COMGZ7FRZDEQHNYQ,https://www.flipkart.com/product/p/item?pid=COMGZ7FRZDEQHNYQ
COMGZUGTXD2UETC3,https://www.flipkart.com/product/p/item?pid=COMGZUGTXD2UETC3
COMGZNSBHXBGPG4X,https://www.flipkart.com/product/p/item?pid=COMGZNSBHXBGPG4X
COMGFB2GSG8EQXCQ,https://www.flipkart.com/product/p/item?pid=COMGFB2GSG8EQXCQ
COMGG3S93DSUQPMU,https://www.flipkart.com/product/p/item?pid=COMGG3S93DSUQPMU
COMGHAGN3U9FJH39,https://www.flipkart.com/product/p/item?pid=COMGHAGN3U9FJH39
COMGM2MARRZZBPEF,https://www.flipkart.com/product/p/item?pid=COMGM2MARRZZBPEF
COMGFB2GMCRXZG85,https://www.flipkart.com/product/p/item?pid=COMGFB2GMCRXZG85
COMGMGXFB2KYFGZN,https://www.flipkart.com/product/p/item?pid=COMGMGXFB2KYFGZN
COMG9UD4UN2ZZGDM,https://www.flipkart.com/product/p/item?pid=COMG9UD4UN2ZZGDM
COMGCWBEUEYYC7WH,https://www.flipkart.com/product/p/item?pid=COMGCWBEUEYYC7WH
COMGZVGHPYZHHFRB,https://www.flipkart.com/product/p/item?pid=COMGZVGHPYZHHFRB
COMGGY7XWMEH7PRG,https://www.flipkart.com/product/p/item?pid=COMGGY7XWMEH7PRG
COMG49CZ8SVW7TWD,https://www.flipkart.com/product/p/item?pid=COMG49CZ8SVW7TWD
COMGZMKFJQVRBFMJ,https://www.flipkart.com/product/p/item?pid=COMGZMKFJQVRBFMJ
COMGNFU7MHGWNHHA,https://www.flipkart.com/product/p/item?pid=COMGNFU7MHGWNHHA
COMGH8YQ6NGY6EUT,https://www.flipkart.com/product/p/item?pid=COMGH8YQ6NGY6EUT
COMGHPPSM6JR8XKT,https://www.flipkart.com/product/p/item?pid=COMGHPPSM6JR8XKT
COMGZMKFNHPQGNJV,https://www.flipkart.com/product/p/item?pid=COMGZMKFNHPQGNJV
COMGDN5WZZKSNWN5,https://www.flipkart.com/product/p/item?pid=COMGDN5WZZKSNWN5
COMGMXGVQSHDYHHZ,https://www.flipkart.com/product/p/item?pid=COMGMXGVQSHDYHHZ
COMGH2NJXPGRZJ8V,https://www.flipkart.com/product/p/item?pid=COMGH2NJXPGRZJ8V
COMGEH36WHXAZ66G,https://www.flipkart.com/product/p/item?pid=COMGEH36WHXAZ66G
COMGJ75HJGFDJ6JN,https://www.flipkart.com/product/p/item?pid=COMGJ75HJGFDJ6JN
COMGZMKFGWKH4VAK,https://www.flipkart.com/product/p/item?pid=COMGZMKFGWKH4VAK
COMGCG2GCTYUYF4N,https://www.flipkart.com/product/p/item?pid=COMGCG2GCTYUYF4N
COMGFB2GHCBHUDTZ,https://www.flipkart.com/product/p/item?pid=COMGFB2GHCBHUDTZ
COMGCZUJQFMS3AN9,https://www.flipkart.com/product/p/item?pid=COMGCZUJQFMS3AN9
COMGFWCYBAKJCQ9D,https://www.flipkart.com/product/p/item?pid=COMGFWCYBAKJCQ9D
COMG9ETAX7DGSJSW,https://www.flipkart.com/product/p/item?pid=COMG9ETAX7DGSJSW
COMG9NYDXVEFGPSG,https://www.flipkart.com/product/p/item?pid=COMG9NYDXVEFGPSG
COMGZDQJFFHCSTZ9,https://www.flipkart.com/product/p/item?pid=COMGZDQJFFHCSTZ9
COMGZNSBZUBEHR9B,https://www.flipkart.com/product/p/item?pid=COMGZNSBZUBEHR9B
COMGMV6VDZG4C8D5,https://www.flipkart.com/product/p/item?pid=COMGMV6VDZG4C8D5
COMGZVGHVJEMGKZB,https://www.flipkart.com/product/p/item?pid=COMGZVGHVJEMGKZB
COMGHF6JGZBYHM6G,https://www.flipkart.com/product/p/item?pid=COMGHF6JGZBYHM6G
COMGJ75HNVBJA7JY,https://www.flipkart.com/product/p/item?pid=COMGJ75HNVBJA7JY
COMGBHKFAYHEMVAT,https://www.flipkart.com/product/p/item?pid=COMGBHKFAYHEMVAT
COMGMXGVPZXEDFWV,https://www.flipkart.com/product/p/item?pid=COMGMXGVPZXEDFWV
COMGZVGHMDQS67FQ,https://www.flipkart.com/product/p/item?pid=COMGZVGHMDQS67FQ
COMGZVGHZXXRMWMU,https://www.flipkart.com/product/p/item?pid=COMGZVGHZXXRMWMU
COMGHMH6YWR6B54T,https://www.flipkart.com/product/p/item?pid=COMGHMH6YWR6B54T
COMGFYQZBARGUZFK,https://www.flipkart.com/product/p/item?pid=COMGFYQZBARGUZFK
COMGZ4PNGZFFGJTX,https://www.flipkart.com/product/p/item?pid=COMGZ4PNGZFFGJTX
COMGZNSBGP8AGWVF,https://www.flipkart.com/product/p/item?pid=COMGZNSBGP8AGWVF
COMGZDQJH462QNUT,https://www.flipkart.com/product/p/item?pid=COMGZDQJH462QNUT
COMG9NYDUGF7SGWN,https://www.flipkart.com/product/p/item?pid=COMG9NYDUGF7SGWN
COMGZDQJEZGDFUSF,https://www.flipkart.com/product/p/item?pid=COMGZDQJEZGDFUSF
COMGNVRAXTGH4ZF4,https://www.flipkart.com/product/p/item?pid=COMGNVRAXTGH4ZF4
COMGAE6BTCGGWENU,https://www.flipkart.com/product/p/item?pid=COMGAE6BTCGGWENU
COMGKC6YAWGQPZZY,https://www.flipkart.com/product/p/item?pid=COMGKC6YAWGQPZZY
COMGZ3SPQHTUNRKG,https://www.flipkart.com/product/p/item?pid=COMGZ3SPQHTUNRKG
COMGCGST8ZYGUDGT,https://www.flipkart.com/product/p/item?pid=COMGCGST8ZYGUDGT
COMGB6DZQJHHSESY,https://www.flipkart.com/product/p/item?pid=COMGB6DZQJHHSESY
COMGHPXTXGQZQHMZ,https://www.flipkart.com/product/p/item?pid=COMGHPXTXGQZQHMZ
COMGMXT5FNPRPFGZ,https://www.flipkart.com/product/p/item?pid=COMGMXT5FNPRPFGZ
COMGMV6VPESBDVTU,https://www.flipkart.com/product/p/item?pid=COMGMV6VPESBDVTU
COMGJ75HCCFJS8AE,https://www.flipkart.com/product/p/item?pid=COMGJ75HCCFJS8AE
COMGAD9VDGYKBNQG,https://www.flipkart.com/product/p/item?pid=COMGAD9VDGYKBNQG
COMFTC4YDDK9K8KE,https://www.flipkart.com/product/p/item?pid=COMFTC4YDDK9K8KE
COMGKAVGGWYHQPE7,https://www.flipkart.com/product/p/item?pid=COMGKAVGGWYHQPE7
COMGP22NHKSTMHER,https://www.flipkart.com/product/p/item?pid=COMGP22NHKSTMHER
COMGMGXFGSRS4QXK,https://www.flipkart.com/product/p/item?pid=COMGMGXFGSRS4QXK
COMGDJJYFJ7WC7FH,https://www.flipkart.com/product/p/item?pid=COMGDJJYFJ7WC7FH
COMGNY4VHFKQHXKP,https://www.flipkart.com/product/p/item?pid=COMGNY4VHFKQHXKP
COMGFWCYZHSQY7PH,https://www.flipkart.com/product/p/item?pid=COMGFWCYZHSQY7PH
COMGHZGHYZVHZD5Z,https://www.flipkart.com/product/p/item?pid=COMGHZGHYZVHZD5Z
COMG7X7HJBHPRPSU,https://www.flipkart.com/product/p/item?pid=COMG7X7HJBHPRPSU
COMGMFK7B6FTNA4X,https://www.flipkart.com/product/p/item?pid=COMGMFK7B6FTNA4X
COMGMZF3NNFBKKPD,https://www.flipkart.com/product/p/item?pid=COMGMZF3NNFBKKPD
COMG9VHHG6Q3RRJX,https://www.flipkart.com/product/p/item?pid=COMG9VHHG6Q3RRJX
COMGM2MAZPZTUN2J,https://www.flipkart.com/product/p/item?pid=COMGM2MAZPZTUN2J
COMGNP9PMNRDXFS7,https://www.flipkart.com/product/p/item?pid=COMGNP9PMNRDXFS7
COMGFYQZFDSSH4DD,https://www.flipkart.com/product/p/item?pid=COMGFYQZFDSSH4DD
COMGAM8DB9BESKN2,https://www.flipkart.com/product/p/item?pid=COMGAM8DB9BESKN2
COMGARNUPNRQMWGD,https://www.flipkart.com/product/p/item?pid=COMGARNUPNRQMWGD
COMGGZ23QXZZVECG,https://www.flipkart.com/product/p/item?pid=COMGGZ23QXZZVECG
COMGFWCYXZPJZPFT,https://www.flipkart.com/product/p/item?pid=COMGFWCYXZPJZPFT
COMGAD2BA67TFF8Z,https://www.flipkart.com/product/p/item?pid=COMGAD2BA67TFF8Z
COMGMSV96HAAS3NB,https://www.flipkart.com/product/p/item?pid=COMGMSV96HAAS3NB
COMGZ7FRUHRF8AA3,https://www.flipkart.com/product/p/item?pid=COMGZ7FRUHRF8AA3
COMGMV6VZFPJCGVB,https://www.flipkart.com/product/p/item?pid=COMGMV6VZFPJCGVB
COMGF9Z7JYCFBKAP,https://www.flipkart.com/product/p/item?pid=COMGF9Z7JYCFBKAP
COMGZVGHTSJHNZYH,https://www.flipkart.com/product/p/item?pid=COMGZVGHTSJHNZYH
COMGMGSJG67ZABYZ,https://www.flipkart.com/product/p/item?pid=COMGMGSJG67ZABYZ
COMGG45GXQXPHZFW,https://www.flipkart.com/product/p/item?pid=COMGG45GXQXPHZFW
COMGFWCYZ3GYT3WZ,https://www.flipkart.com/product/p/item?pid=COMGFWCYZ3GYT3WZ
COMGKYGDPPHZUJPS,https://www.flipkart.com/product/p/item?pid=COMGKYGDPPHZUJPS
COMGMV6VPA6EGV6E,https://www.flipkart.com/product/p/item?pid=COMGMV6VPA6EGV6E
COMGMV6VQPNPGCBW,https://www.flipkart.com/product/p/item?pid=COMGMV6VQPNPGCBW
COMGFM5BYHQPXCRZ,https://www.flipkart.com/product/p/item?pid=COMGFM5BYHQPXCRZ
COMGFWCYMQDRR2GT,https://www.flipkart.com/product/p/item?pid=COMGFWCYMQDRR2GT
COMGNFU7CYNXJ9GG,https://www.flipkart.com/product/p/item?pid=COMGNFU7CYNXJ9GG
COMGFWCYKAZEG8NU,https://www.flipkart.com/product/p/item?pid=COMGFWCYKAZEG8NU
COMGF478WJG7FDQQ,https://www.flipkart.com/product/p/item?pid=COMGF478WJG7FDQQ
COMG4S3GDEHZ9SAT,https://www.flipkart.com/product/p/item?pid=COMG4S3GDEHZ9SAT
COMGMV6VAFZH3HVR,https://www.flipkart.com/product/p/item?pid=COMGMV6VAFZH3HVR
COMGFWCYGHFSZTYA,https://www.flipkart.com/product/p/item?pid=COMGFWCYGHFSZTYA
COMGFB2GNWNN9DN8,https://www.flipkart.com/product/p/item?pid=COMGFB2GNWNN9DN8
COMGZ4PNAASARCQD,https://www.flipkart.com/product/p/item?pid=COMGZ4PNAASARCQD
COMGMGXFSGJSSGGD,https://www.flipkart.com/product/p/item?pid=COMGMGXFSGJSSGGD
COMGEY8WNGQNKE5G,https://www.flipkart.com/product/p/item?pid=COMGEY8WNGQNKE5G
COMGNJMCDUFBTMZK,https://www.flipkart.com/product/p/item?pid=COMGNJMCDUFBTMZK
COMGGHMQCWGQ6QGW,https://www.flipkart.com/product/p/item?pid=COMGGHMQCWGQ6QGW
COMGDJJYETEF3ECH,https://www.flipkart.com/product/p/item?pid=COMGDJJYETEF3ECH
COMGFB2GDBDYXF9D,https://www.flipkart.com/product/p/item?pid=COMGFB2GDBDYXF9D
COMGADGHNBK494MP,https://www.flipkart.com/product/p/item?pid=COMGADGHNBK494MP
COMGCZUJVKGPCCYE,https://www.flipkart.com/product/p/item?pid=COMGCZUJVKGPCCYE
COMGEMAYUDWNRA3V,https://www.flipkart.com/product/p/item?pid=COMGEMAYUDWNRA3V
COMG49CZ5FFAFQBS,https://www.flipkart.com/product/p/item?pid=COMG49CZ5FFAFQBS
COMGZDQJ3BHESAFU,https://www.flipkart.com/product/p/item?pid=COMGZDQJ3BHESAFU
COMGG23CKHQHSSG4,https://www.flipkart.com/product/p/item?pid=COMGG23CKHQHSSG4
COMGHZGHWGTZMGGS,https://www.flipkart.com/product/p/item?pid=COMGHZGHWGTZMGGS
COMG6AKVSRJAUE92,https://www.flipkart.com/product/p/item?pid=COMG6AKVSRJAUE92
COMGFB2GWHPVFMJW,https://www.flipkart.com/product/p/item?pid=COMGFB2GWHPVFMJW
COMGHMH6JNJBDCBQ,https://www.flipkart.com/product/p/item?pid=COMGHMH6JNJBDCBQ
COMGGHMQBQDBK6KH,https://www.flipkart.com/product/p/item?pid=COMGGHMQBQDBK6KH
COMGGMRSDDRGKFGU,https://www.flipkart.com/product/p/item?pid=COMGGMRSDDRGKFGU
COMG9NYD3C9ZVGPX,https://www.flipkart.com/product/p/item?pid=COMG9NYD3C9ZVGPX
COMGN2YDYPFNZPMY,https://www.flipkart.com/product/p/item?pid=COMGN2YDYPFNZPMY
COMGCFNZEE6RPHWZ,https://www.flipkart.com/product/p/item?pid=COMGCFNZEE6RPHWZ
COMGMV6VJGYVBZSM,https://www.flipkart.com/product/p/item?pid=COMGMV6VJGYVBZSM
COMGJ75HCVATAHZH,https://www.flipkart.com/product/p/item?pid=COMGJ75HCVATAHZH
COMGBNFUWPH6F56F,https://www.flipkart.com/product/p/item?pid=COMGBNFUWPH6F56F
COMGGJZFAGKWKGQX,https://www.flipkart.com/product/p/item?pid=COMGGJZFAGKWKGQX
COMGHNMAFEG9EYP3,https://www.flipkart.com/product/p/item?pid=COMGHNMAFEG9EYP3
COMG9VKEHSAGGWBY,https://www.flipkart.com/product/p/item?pid=COMG9VKEHSAGGWBY
COMGFWCYMZRHCHU9,https://www.flipkart.com/product/p/item?pid=COMGFWCYMZRHCHU9
COMGAE6BYT2KRN4P,https://www.flipkart.com/product/p/item?pid=COMGAE6BYT2KRN4P
COMGMVCPWYURCYZA,https://www.flipkart.com/product/p/item?pid=COMGMVCPWYURCYZA
COMGPF5C98GF8FEH,https://www.flipkart.com/product/p/item?pid=COMGPF5C98GF8FEH
COMGJS5F6YYYZYVV,https://www.flipkart.com/product/p/item?pid=COMGJS5F6YYYZYVV
COMGZUGT4HV73UV6,https://www.flipkart.com/product/p/item?pid=COMGZUGT4HV73UV6
COMGE2GFFVEVG7MB,https://www.flipkart.com/product/p/item?pid=COMGE2GFFVEVG7MB
COMGGR9SYEE2CZT8,https://www.flipkart.com/product/p/item?pid=COMGGR9SYEE2CZT8
COMGJ75HZRABYN4K,https://www.flipkart.com/product/p/item?pid=COMGJ75HZRABYN4K
COMGFYQZZFRKBNWV,https://www.flipkart.com/product/p/item?pid=COMGFYQZZFRKBNWV
COMGZ3S6AWQUDWZG,https://www.flipkart.com/product/p/item?pid=COMGZ3S6AWQUDWZG
COMGKFTFGGSX5ENP,https://www.flipkart.com/product/p/item?pid=COMGKFTFGGSX5ENP
COMFTC4YG3ZD5PXA,https://www.flipkart.com/product/p/item?pid=COMFTC4YG3ZD5PXA
COMGHZGHAVG4BKU5,https://www.flipkart.com/product/p/item?pid=COMGHZGHAVG4BKU5
COMGDGNFNHZM5ENT,https://www.flipkart.com/product/p/item?pid=COMGDGNFNHZM5ENT
COMGCFNZUUHGWNRZ,https://www.flipkart.com/product/p/item?pid=COMGCFNZUUHGWNRZ
COMGCRV6W4YMWD3C,https://www.flipkart.com/product/p/item?pid=COMGCRV6W4YMWD3C
COMGD37VQMMFECDJ,https://www.flipkart.com/product/p/item?pid=COMGD37VQMMFECDJ
COMGMGXFHUHQE3XZ,https://www.flipkart.com/product/p/item?pid=COMGMGXFHUHQE3XZ
COMGZ4PNBGY644QJ,https://www.flipkart.com/product/p/item?pid=COMGZ4PNBGY644QJ
COMGDGNFACGEDSGP,https://www.flipkart.com/product/p/item?pid=COMGDGNFACGEDSGP
COMG666GDF86HEWY,https://www.flipkart.com/product/p/item?pid=COMG666GDF86HEWY
COMGHQYYCYW2HUZH,https://www.flipkart.com/product/p/item?pid=COMGHQYYCYW2HUZH
COMGPF5CQ7VDWDT4,https://www.flipkart.com/product/p/item?pid=COMGPF5CQ7VDWDT4
COMGDQHJFGMNK67R,https://www.flipkart.com/product/p/item?pid=COMGDQHJFGMNK67R
COMGZDZSVBBZAK3Z,https://www.flipkart.com/product/p/item?pid=COMGZDZSVBBZAK3Z
COMGGCZGGZJ5JRBX,https://www.flipkart.com/product/p/item?pid=COMGGCZGGZJ5JRBX
COMGHPXTWQRPTJ9P,https://www.flipkart.com/product/p/item?pid=COMGHPXTWQRPTJ9P
COMGG3S9SZMBSGBY,https://www.flipkart.com/product/p/item?pid=COMGG3S9SZMBSGBY
COMGJFGFRPHXZBVZ,https://www.flipkart.com/product/p/item?pid=COMGJFGFRPHXZBVZ
COMGCRV8B5YDNKKG,https://www.flipkart.com/product/p/item?pid=COMGCRV8B5YDNKKG
COMG8N5PQMTQPXW8,https://www.flipkart.com/product/p/item?pid=COMG8N5PQMTQPXW8
COMGZ4PN887FWHBP,https://www.flipkart.com/product/p/item?pid=COMGZ4PN887FWHBP
COMG24PG7EFFBSEV,https://www.flipkart.com/product/p/item?pid=COMG24PG7EFFBSEV
COMGHPXTAMHHFSZM,https://www.flipkart.com/product/p/item?pid=COMGHPXTAMHHFSZM
COMGF3B7THNRZ75G,https://www.flipkart.com/product/p/item?pid=COMGF3B7THNRZ75G
COMGKC6YZAXJVCDF,https://www.flipkart.com/product/p/item?pid=COMGKC6YZAXJVCDF
COMG4VNFAD9XDUGE,https://www.flipkart.com/product/p/item?pid=COMG4VNFAD9XDUGE
COMGHF6JJ2DGQX6Z,https://www.flipkart.com/product/p/item?pid=COMGHF6JJ2DGQX6Z
COMG5EAXHYDEBZTG,https://www.flipkart.com/product/p/item?pid=COMG5EAXHYDEBZTG
COMGMY3MB9MX5CXF,https://www.flipkart.com/product/p/item?pid=COMGMY3MB9MX5CXF
COMGZ5F3RTSNVFES,https://www.flipkart.com/product/p/item?pid=COMGZ5F3RTSNVFES
COMG6UHHZEEQJFQN,https://www.flipkart.com/product/p/item?pid=COMG6UHHZEEQJFQN
COMGJ75HWZZMXPBJ,https://www.flipkart.com/product/p/item?pid=COMGJ75HWZZMXPBJ
COMGF3B76ZGYV8AQ,https://www.flipkart.com/product/p/item?pid=COMGF3B76ZGYV8AQ
COMGMGXFGKBRSATC,https://www.flipkart.com/product/p/item?pid=COMGMGXFGKBRSATC
COMGN8YZTEJN8GH8,https://www.flipkart.com/product/p/item?pid=COMGN8YZTEJN8GH8
COMGZ4PN3U2GZUMD,https://www.flipkart.com/product/p/item?pid=COMGZ4PN3U2GZUMD
COMGEY8WZREVKB2R,https://www.flipkart.com/product/p/item?pid=COMGEY8WZREVKB2R
COMGFWCYQHF8UAJQ,https://www.flipkart.com/product/p/item?pid=COMGFWCYQHF8UAJQ
COMGJ75HMWQTVERK,https://www.flipkart.com/product/p/item?pid=COMGJ75HMWQTVERK
COMGFB2GYQHA9RR7,https://www.flipkart.com/product/p/item?pid=COMGFB2GYQHA9RR7
COMGM7VXS6KHF8HR,https://www.flipkart.com/product/p/item?pid=COMGM7VXS6KHF8HR
COMGJR2KYMR2G6SV,https://www.flipkart.com/product/p/item?pid=COMGJR2KYMR2G6SV
COMG9NYDH9Q4QMHZ,https://www.flipkart.com/product/p/item?pid=COMG9NYDH9Q4QMHZ
COMGH3DSMP79M6WN,https://www.flipkart.com/product/p/item?pid=COMGH3DSMP79M6WN
COMG7X7H2BDZFGET,https://www.flipkart.com/product/p/item?pid=COMG7X7H2BDZFGET
COMFSYCP3287MGHH,https://www.flipkart.com/product/p/item?pid=COMFSYCP3287MGHH
COMG5Y8YGWGVWAG6,https://www.flipkart.com/product/p/item?pid=COMG5Y8YGWGVWAG6
COMGHJ7GDZDG3ZAT,https://www.flipkart.com/product/p/item?pid=COMGHJ7GDZDG3ZAT
COMGH47NWT4HZFYP,https://www.flipkart.com/product/p/item?pid=COMGH47NWT4HZFYP
COMG7X7HZBSGGDUF,https://www.flipkart.com/product/p/item?pid=COMG7X7HZBSGGDUF
COMFT8GXQ8NJZWUY,https://www.flipkart.com/product/p/item?pid=COMFT8GXQ8NJZWUY
COMGHGYYUFPUPPZZ,https://www.flipkart.com/product/p/item?pid=COMGHGYYUFPUPPZZ
COMGKC6YHQF2HQRB,https://www.flipkart.com/product/p/item?pid=COMGKC6YHQF2HQRB
COMGMGP52QUKAE2F,https://www.flipkart.com/product/p/item?pid=COMGMGP52QUKAE2F
COMGMXGVFXTJMMTG,https://www.flipkart.com/product/p/item?pid=COMGMXGVFXTJMMTG
COMG3D7CZWZZYCHV,https://www.flipkart.com/product/p/item?pid=COMG3D7CZWZZYCHV
COMGMZF39HRSYE7Q,https://www.flipkart.com/product/p/item?pid=COMGMZF39HRSYE7Q
COMGE73K67XVZMF8,https://www.flipkart.com/product/p/item?pid=COMGE73K67XVZMF8
COMGDTTDKTZHWWJG,https://www.flipkart.com/product/p/item?pid=COMGDTTDKTZHWWJG
COMGCXD8CU7RQXEE,https://www.flipkart.com/product/p/item?pid=COMGCXD8CU7RQXEE
COMGEG3ZBTGC2VYW,https://www.flipkart.com/product/p/item?pid=COMGEG3ZBTGC2VYW
COMGJ75HFTTHH4VE,https://www.flipkart.com/product/p/item?pid=COMGJ75HFTTHH4VE
COMGBYQ2G7MGZJY2,https://www.flipkart.com/product/p/item?pid=COMGBYQ2G7MGZJY2
COMGFWCYAHKRGYZY,https://www.flipkart.com/product/p/item?pid=COMGFWCYAHKRGYZY
COMGZDQJJYTCTMPC,https://www.flipkart.com/product/p/item?pid=COMGZDQJJYTCTMPC
COMGDJJY8SZXXPMB,https://www.flipkart.com/product/p/item?pid=COMGDJJY8SZXXPMB
COMGGBGRXTXGBGSM,https://www.flipkart.com/product/p/item?pid=COMGGBGRXTXGBGSM
COMG87FPKWXY5FYZ,https://www.flipkart.com/product/p/item?pid=COMG87FPKWXY5FYZ
COMGHMH6Z2BNP75Y,https://www.flipkart.com/product/p/item?pid=COMGHMH6Z2BNP75Y
COMGH47NQZSWMFYT,https://www.flipkart.com/product/p/item?pid=COMGH47NQZSWMFYT
COMGP2YUH37Q8JFW,https://www.flipkart.com/product/p/item?pid=COMGP2YUH37Q8JFW
COMGJS5FRZQ8DHAJ,https://www.flipkart.com/product/p/item?pid=COMGJS5FRZQ8DHAJ
COMGMNCQXZVYHZGC,https://www.flipkart.com/product/p/item?pid=COMGMNCQXZVYHZGC
COMG73Z5HGCZWBGW,https://www.flipkart.com/product/p/item?pid=COMG73Z5HGCZWBGW
COMGBUKJRGHNGGZE,https://www.flipkart.com/product/p/item?pid=COMGBUKJRGHNGGZE
COMGHZGHWPZY3QUD,https://www.flipkart.com/product/p/item?pid=COMGHZGHWPZY3QUD
COMFXEKMT6ZFJKHG,https://www.flipkart.com/product/p/item?pid=COMFXEKMT6ZFJKHG
COMGFYQZ2BWGNDRK,https://www.flipkart.com/product/p/item?pid=COMGFYQZ2BWGNDRK
COMG6D9UFZJMFGHK,https://www.flipkart.com/product/p/item?pid=COMG6D9UFZJMFGHK
COMGMGXFVZFJZNF2,https://www.flipkart.com/product/p/item?pid=COMGMGXFVZFJZNF2
COMGZUGTTBRGYSHT,https://www.flipkart.com/product/p/item?pid=COMGZUGTTBRGYSHT
COMG9NYD7AEZNC5G,https://www.flipkart.com/product/p/item?pid=COMG9NYD7AEZNC5G
COMG87FFPDWUZAKE,https://www.flipkart.com/product/p/item?pid=COMG87FFPDWUZAKE
COMGFYQZMX5RCZFX,https://www.flipkart.com/product/p/item?pid=COMGFYQZMX5RCZFX
COMGNVWYVPCKZURT,https://www.flipkart.com/product/p/item?pid=COMGNVWYVPCKZURT
COMGZMYFUAHZSQHW,https://www.flipkart.com/product/p/item?pid=COMGZMYFUAHZSQHW
COMGD436X2AWBFVT,https://www.flipkart.com/product/p/item?pid=COMGD436X2AWBFVT
COMGMV6VGQXP9MDH,https://www.flipkart.com/product/p/item?pid=COMGMV6VGQXP9MDH
COMGZKHQBVZWHMP7,https://www.flipkart.com/product/p/item?pid=COMGZKHQBVZWHMP7
COMGFWCYQQQGZTYR,https://www.flipkart.com/product/p/item?pid=COMGFWCYQQQGZTYR
COMGFPEHZN5WGPXX,https://www.flipkart.com/product/p/item?pid=COMGFPEHZN5WGPXX
COMGJ75H8AP2MDAY,https://www.flipkart.com/product/p/item?pid=COMGJ75H8AP2MDAY
COMGMV6V6ZAUMWEH,https://www.flipkart.com/product/p/item?pid=COMGMV6V6ZAUMWEH
COMGCG2GZKRCJUBZ,https://www.flipkart.com/product/p/item?pid=COMGCG2GZKRCJUBZ
COMGJ75HET7ZG7CX,https://www.flipkart.com/product/p/item?pid=COMGJ75HET7ZG7CX
COMGEFDUQCBBAYCY,https://www.flipkart.com/product/p/item?pid=COMGEFDUQCBBAYCY
COMFUXREHNYXARGW,https://www.flipkart.com/product/p/item?pid=COMFUXREHNYXARGW
COMG56TFTZGHZ9CV,https://www.flipkart.com/product/p/item?pid=COMG56TFTZGHZ9CV
COMGARNUF2FCYCKZ,https://www.flipkart.com/product/p/item?pid=COMGARNUF2FCYCKZ
COMGMV6VYXUTXXBD,https://www.flipkart.com/product/p/item?pid=COMGMV6VYXUTXXBD
COMGMGXFE9F37AMQ,https://www.flipkart.com/product/p/item?pid=COMGMGXFE9F37AMQ
COMGCTAAQDZYVH63,https://www.flipkart.com/product/p/item?pid=COMGCTAAQDZYVH63
COMGM7VXHDVTZKSB,https://www.flipkart.com/product/p/item?pid=COMGM7VXHDVTZKSB
COMGFB2GQPT52CK3,https://www.flipkart.com/product/p/item?pid=COMGFB2GQPT52CK3
COMGDTTDZ8DJESMA,https://www.flipkart.com/product/p/item?pid=COMGDTTDZ8DJESMA
COMGGBGRZKZGYYJT,https://www.flipkart.com/product/p/item?pid=COMGGBGRZKZGYYJT
COMFUZ3JZVNCPJFU,https://www.flipkart.com/product/p/item?pid=COMFUZ3JZVNCPJFU
COMGZDQJYFFGZTVG,https://www.flipkart.com/product/p/item?pid=COMGZDQJYFFGZTVG
COMGMV6VU9YWMPGH,https://www.flipkart.com/product/p/item?pid=COMGMV6VU9YWMPGH
COMGH8YQ8YBFTDRU,https://www.flipkart.com/product/p/item?pid=COMGH8YQ8YBFTDRU
COMGAD2B4QMZTWKB,https://www.flipkart.com/product/p/item?pid=COMGAD2B4QMZTWKB
COMGMGXFT7WWNGYG,https://www.flipkart.com/product/p/item?pid=COMGMGXFT7WWNGYG
COMGB732MK9RHD5P,https://www.flipkart.com/product/p/item?pid=COMGB732MK9RHD5P
COMGZDQJHUAJY3AS,https://www.flipkart.com/product/p/item?pid=COMGZDQJHUAJY3AS
COMGCQQZZYT3G54U,https://www.flipkart.com/product/p/item?pid=COMGCQQZZYT3G54U
COMGG63HBFDCHDBN,https://www.flipkart.com/product/p/item?pid=COMGG63HBFDCHDBN
COMGJ75HTKUPKZSM,https://www.flipkart.com/product/p/item?pid=COMGJ75HTKUPKZSM
COMGFG9VQ6PYGZR4,https://www.flipkart.com/product/p/item?pid=COMGFG9VQ6PYGZR4
COMGGRGZE3VZFZFJ,https://www.flipkart.com/product/p/item?pid=COMGGRGZE3VZFZFJ
COMG7X7HHRHGNUBJ,https://www.flipkart.com/product/p/item?pid=COMG7X7HHRHGNUBJ
COMGHZGHTFSE2WJZ,https://www.flipkart.com/product/p/item?pid=COMGHZGHTFSE2WJZ
COMGZMKF2QGBC4KC,https://www.flipkart.com/product/p/item?pid=COMGZMKF2QGBC4KC
COMGJ75HMY7VBCJX,https://www.flipkart.com/product/p/item?pid=COMGJ75HMY7VBCJX
COMGFA5FWMCQBXB3,https://www.flipkart.com/product/p/item?pid=COMGFA5FWMCQBXB3
COMGCYF9PZCYNZT7,https://www.flipkart.com/product/p/item?pid=COMGCYF9PZCYNZT7
COMGMV6VYGAAAHYT,https://www.flipkart.com/product/p/item?pid=COMGMV6VYGAAAHYT
COMGJ75HTRHWX4SN,https://www.flipkart.com/product/p/item?pid=COMGJ75HTRHWX4SN
COMG6Z2BCHQ4PSYA,https://www.flipkart.com/product/p/item?pid=COMG6Z2BCHQ4PSYA
COMGZDQJZW3FCZBQ,https://www.flipkart.com/product/p/item?pid=COMGZDQJZW3FCZBQ
COMGFWCYUH7DC4HB,https://www.flipkart.com/product/p/item?pid=COMGFWCYUH7DC4HB
COMG6AKVMUFMK7MS,https://www.flipkart.com/product/p/item?pid=COMG6AKVMUFMK7MS
COMGMGXFJYYPHTPV,https://www.flipkart.com/product/p/item?pid=COMGMGXFJYYPHTPV
COMGGBGRMHRYZYXK,https://www.flipkart.com/product/p/item?pid=COMGGBGRMHRYZYXK
COMG3Z7M7BWVWBHC,https://www.flipkart.com/product/p/item?pid=COMG3Z7M7BWVWBHC
COMGG63HWNMXZKDF,https://www.flipkart.com/product/p/item?pid=COMGG63HWNMXZKDF
COMG666G8ETBWZUE,https://www.flipkart.com/product/p/item?pid=COMG666G8ETBWZUE
COMGMGXFTYZZUJYW,https://www.flipkart.com/product/p/item?pid=COMGMGXFTYZZUJYW
COMGFPGWRFMJZDHX,https://www.flipkart.com/product/p/item?pid=COMGFPGWRFMJZDHX
COMG9NYDHKR6PZ8W,https://www.flipkart.com/product/p/item?pid=COMG9NYDHKR6PZ8W
COMGEY8WGGHKT7WZ,https://www.flipkart.com/product/p/item?pid=COMGEY8WGGHKT7WZ
COMFYZC5URFMHTBA,https://www.flipkart.com/product/p/item?pid=COMFYZC5URFMHTBA
COMGZNMS5AHPF2GP,https://www.flipkart.com/product/p/item?pid=COMGZNMS5AHPF2GP
COMGBHZBHNRMFBQT,https://www.flipkart.com/product/p/item?pid=COMGBHZBHNRMFBQT
COMGCNDPVSPNGDYQ,https://www.flipkart.com/product/p/item?pid=COMGCNDPVSPNGDYQ
COMGCNDPJXZUA9HM,https://www.flipkart.com/product/p/item?pid=COMGCNDPJXZUA9HM
COMGZ4PN7CGG6SUD,https://www.flipkart.com/product/p/item?pid=COMGZ4PN7CGG6SUD
COMGCWBEDBYGSMA6,https://www.flipkart.com/product/p/item?pid=COMGCWBEDBYGSMA6
COMGH7VYRA4HRGYK,https://www.flipkart.com/product/p/item?pid=COMGH7VYRA4HRGYK
COMGNP9PAR67CM7F,https://www.flipkart.com/product/p/item?pid=COMGNP9PAR67CM7F
COMGD436UHCV44GS,https://www.flipkart.com/product/p/item?pid=COMGD436UHCV44GS
COMGJ75HPCZZ7GJM,https://www.flipkart.com/product/p/item?pid=COMGJ75HPCZZ7GJM
COMGMV6VXKZMNGGM,https://www.flipkart.com/product/p/item?pid=COMGMV6VXKZMNGGM
COMG5UZBFZVTYRFN,https://www.flipkart.com/product/p/item?pid=COMG5UZBFZVTYRFN
COMGHF6JGRJTQEBY,https://www.flipkart.com/product/p/item?pid=COMGHF6JGRJTQEBY
COMG9NYDSF4N74DN,https://www.flipkart.com/product/p/item?pid=COMG9NYDSF4N74DN
COMGHGYYZFXFDZJZ,https://www.flipkart.com/product/p/item?pid=COMGHGYYZFXFDZJZ
COMGHYYKNNVMKAPQ,https://www.flipkart.com/product/p/item?pid=COMGHYYKNNVMKAPQ
COMGZHZ7Z6PKFY5G,https://www.flipkart.com/product/p/item?pid=COMGZHZ7Z6PKFY5G
COMG69G2FNSS2MB2,https://www.flipkart.com/product/p/item?pid=COMG69G2FNSS2MB2
COMGZ4PN8VW72TK2,https://www.flipkart.com/product/p/item?pid=COMGZ4PN8VW72TK2
COMGGZ23GZFCQFCZ,https://www.flipkart.com/product/p/item?pid=COMGGZ23GZFCQFCZ
COMGJ75H2JJXNH9Z,https://www.flipkart.com/product/p/item?pid=COMGJ75H2JJXNH9Z
COMFTPG2HYSS9TW3,https://www.flipkart.com/product/p/item?pid=COMFTPG2HYSS9TW3
COMGFKWMFWZX2WHY,https://www.flipkart.com/product/p/item?pid=COMGFKWMFWZX2WHY
COMGHMKH33QNWCYT,https://www.flipkart.com/product/p/item?pid=COMGHMKH33QNWCYT
COMFXV7SZ6DK2M8Q,https://www.flipkart.com/product/p/item?pid=COMFXV7SZ6DK2M8Q
COMGFWCY9EZEZNFN,https://www.flipkart.com/product/p/item?pid=COMGFWCY9EZEZNFN
COMGZUGT4H9ECY2X,https://www.flipkart.com/product/p/item?pid=COMGZUGT4H9ECY2X
COMGEY8WZYTQCXMG,https://www.flipkart.com/product/p/item?pid=COMGEY8WZYTQCXMG
COMGF3B77Q3Y5RRQ,https://www.flipkart.com/product/p/item?pid=COMGF3B77Q3Y5RRQ
COMGMV6VHN2GFBYB,https://www.flipkart.com/product/p/item?pid=COMGMV6VHN2GFBYB
COMG5EAXKQ7ZH3TY,https://www.flipkart.com/product/p/item?pid=COMG5EAXKQ7ZH3TY
COMGFWCYYMRVCGNT,https://www.flipkart.com/product/p/item?pid=COMGFWCYYMRVCGNT
COMGGFZHCHFBCHXX,https://www.flipkart.com/product/p/item?pid=COMGGFZHCHFBCHXX
COMGGJZFFQEAH6ZH,https://www.flipkart.com/product/p/item?pid=COMGGJZFFQEAH6ZH
COMG9FSFTNHYFTGF,https://www.flipkart.com/product/p/item?pid=COMG9FSFTNHYFTGF
COMGHTE8XYZWJMPA,https://www.flipkart.com/product/p/item?pid=COMGHTE8XYZWJMPA
COMGH8YQNHNNDDQF,https://www.flipkart.com/product/p/item?pid=COMGH8YQNHNNDDQF
COMGG63HHFBZ2BZP,https://www.flipkart.com/product/p/item?pid=COMGG63HHFBZ2BZP
COMGNHPJ4GGNZC3N,https://www.flipkart.com/product/p/item?pid=COMGNHPJ4GGNZC3N
COMGFM5BDH8MBRDH,https://www.flipkart.com/product/p/item?pid=COMGFM5BDH8MBRDH
COMGNZBRZW29ZNRC,https://www.flipkart.com/product/p/item?pid=COMGNZBRZW29ZNRC
COMGGSXMHKHRX7P3,https://www.flipkart.com/product/p/item?pid=COMGGSXMHKHRX7P3
COMGMGXFGF7ZTKHF,https://www.flipkart.com/product/p/item?pid=COMGMGXFGF7ZTKHF
COMGDTTDMGMYVNBK,https://www.flipkart.com/product/p/item?pid=COMGDTTDMGMYVNBK
COMGZS9GMHCJY9FF,https://www.flipkart.com/product/p/item?pid=COMGZS9GMHCJY9FF
COMG97ARZGJ5NKCJ,https://www.flipkart.com/product/p/item?pid=COMG97ARZGJ5NKCJ
COMGHA9R6DDXZHWU,https://www.flipkart.com/product/p/item?pid=COMGHA9R6DDXZHWU
COMGF3B75NKJGJNF,https://www.flipkart.com/product/p/item?pid=COMGF3B75NKJGJNF
COMGCNDPPGYZEATY,https://www.flipkart.com/product/p/item?pid=COMGCNDPPGYZEATY
COMGHAGNDSCB8WWQ,https://www.flipkart.com/product/p/item?pid=COMGHAGNDSCB8WWQ
COMGFPEHZGNAGD3F,https://www.flipkart.com/product/p/item?pid=COMGFPEHZGNAGD3F
COMGZUGT3NMUDWFS,https://www.flipkart.com/product/p/item?pid=COMGZUGT3NMUDWFS
COMGDD8QRAHJ2ZTP,https://www.flipkart.com/product/p/item?pid=COMGDD8QRAHJ2ZTP
COMGFPC3T4F5EGZM,https://www.flipkart.com/product/p/item?pid=COMGFPC3T4F5EGZM
COMGA3HWJVQDZYGQ,https://www.flipkart.com/product/p/item?pid=COMGA3HWJVQDZYGQ
COMGFWCYHM7Y7EJS,https://www.flipkart.com/product/p/item?pid=COMGFWCYHM7Y7EJS
COMGZUGTYNZFXNGG,https://www.flipkart.com/product/p/item?pid=COMGZUGTYNZFXNGG
COMFY8QXWZVMGFQK,https://www.flipkart.com/product/p/item?pid=COMFY8QXWZVMGFQK
COMGMV6VZVRQPVKA,https://www.flipkart.com/product/p/item?pid=COMGMV6VZVRQPVKA
COMGFWCYPVDVM8S3,https://www.flipkart.com/product/p/item?pid=COMGFWCYPVDVM8S3
COMGHR2J89DACRHH,https://www.flipkart.com/product/p/item?pid=COMGHR2J89DACRHH
COMGEY8WQXQVBTZB,https://www.flipkart.com/product/p/item?pid=COMGEY8WQXQVBTZB
COMGDRNRY8YB3KEG,https://www.flipkart.com/product/p/item?pid=COMGDRNRY8YB3KEG
COMEWGGDGQDDSGPD,https://www.flipkart.com/product/p/item?pid=COMEWGGDGQDDSGPD
COMGGY2THGDGVTG6,https://www.flipkart.com/product/p/item?pid=COMGGY2THGDGVTG6
COMG62ZCTJUXHKKZ,https://www.flipkart.com/product/p/item?pid=COMG62ZCTJUXHKKZ
COMGMVCPWBZJYKP3,https://www.flipkart.com/product/p/item?pid=COMGMVCPWBZJYKP3
COMG666GNPZQ6HGC,https://www.flipkart.com/product/p/item?pid=COMG666GNPZQ6HGC
COMGH3V3G7MPXF4U,https://www.flipkart.com/product/p/item?pid=COMGH3V3G7MPXF4U
COMES3WCCQGH4FCV,https://www.flipkart.com/product/p/item?pid=COMES3WCCQGH4FCV
COMGZR7GZ2UDYSRG,https://www.flipkart.com/product/p/item?pid=COMGZR7GZ2UDYSRG
COMGFB2GTM7MMJYN,https://www.flipkart.com/product/p/item?pid=COMGFB2GTM7MMJYN
COMFWREFSMVE7FJG,https://www.flipkart.com/product/p/item?pid=COMFWREFSMVE7FJG
COMGFYQZGYPZNPGS,https://www.flipkart.com/product/p/item?pid=COMGFYQZGYPZNPGS
COMGE82N4NN5FGHC,https://www.flipkart.com/product/p/item?pid=COMGE82N4NN5FGHC
COMGFVWMDZPGK4WR,https://www.flipkart.com/product/p/item?pid=COMGFVWMDZPGK4WR
COMFGNHGKYJEYGG3,https://www.flipkart.com/product/p/item?pid=COMFGNHGKYJEYGG3
COMGMM3HVVKFTAXZ,https://www.flipkart.com/product/p/item?pid=COMGMM3HVVKFTAXZ
COMGHQYYHWHEJGWJ,https://www.flipkart.com/product/p/item?pid=COMGHQYYHWHEJGWJ
COMG8N9HR7TJCW5K,https://www.flipkart.com/product/p/item?pid=COMG8N9HR7TJCW5K
COMGHFTHHXH9AKMS,https://www.flipkart.com/product/p/item?pid=COMGHFTHHXH9AKMS
COMGM7VXTVUMW9XV,https://www.flipkart.com/product/p/item?pid=COMGM7VXTVUMW9XV
COMGZMKFQYHVEUXH,https://www.flipkart.com/product/p/item?pid=COMGZMKFQYHVEUXH
COMGH3XBQUDKAMCA,https://www.flipkart.com/product/p/item?pid=COMGH3XBQUDKAMCA
COMFSYCZAGGEFBV9,https://www.flipkart.com/product/p/item?pid=COMFSYCZAGGEFBV9
COMGZNSBWY8HA2V9,https://www.flipkart.com/product/p/item?pid=COMGZNSBWY8HA2V9
COMGPFPCBEHB8ADH,https://www.flipkart.com/product/p/item?pid=COMGPFPCBEHB8ADH
COMGGHMQUHQ6TYBC,https://www.flipkart.com/product/p/item?pid=COMGGHMQUHQ6TYBC
COMGPFPCCSWTB9HQ,https://www.flipkart.com/product/p/item?pid=COMGPFPCCSWTB9HQ
COMGPFPCRZKCNTZT,https://www.flipkart.com/product/p/item?pid=COMGPFPCRZKCNTZT
COMGPFPCH45NFKRY,https://www.flipkart.com/product/p/item?pid=COMGPFPCH45NFKRY
COMGPFPCTG7X3FUZ,https://www.flipkart.com/product/p/item?pid=COMGPFPCTG7X3FUZ
COMGPFPCG4NQ9ADY,https://www.flipkart.com/product/p/item?pid=COMGPFPCG4NQ9ADY
COMGPFPCQQHGYUK5,https://www.flipkart.com/product/p/item?pid=COMGPFPCQQHGYUK5
COMGGNVXGBGDFSGG,https://www.flipkart.com/product/p/item?pid=COMGGNVXGBGDFSGG
COMGKCFXPF5GZ6XM,https://www.flipkart.com/product/p/item?pid=COMGKCFXPF5GZ6XM
COMG72M9XXDCHEQZ,https://www.flipkart.com/product/p/item?pid=COMG72M9XXDCHEQZ
COMGZKHQUQDBWXHT,https://www.flipkart.com/product/p/item?pid=COMGZKHQUQDBWXHT
COMGPFPCY3YUVRWZ,https://www.flipkart.com/product/p/item?pid=COMGPFPCY3YUVRWZ
COMGPFPCFGUXQYQC,https://www.flipkart.com/product/p/item?pid=COMGPFPCFGUXQYQC
COMGPFPCG4JW2YNP,https://www.flipkart.com/product/p/item?pid=COMGPFPCG4JW2YNP
COMGPFPCYAZWZRDZ,https://www.flipkart.com/product/p/item?pid=COMGPFPCYAZWZRDZ
COMGPFPCQW8GCUF7,https://www.flipkart.com/product/p/item?pid=COMGPFPCQW8GCUF7
COMG8ZERNFVMXU8Z,https://www.flipkart.com/product/p/item?pid=COMG8ZERNFVMXU8Z
COMGMV6VX8FZFWXH,https://www.flipkart.com/product/p/item?pid=COMGMV6VX8FZFWXH
COMGHA9RHGKVKFZD,https://www.flipkart.com/product/p/item?pid=COMGHA9RHGKVKFZD
COMG9NYDEJDHJZ5Q,https://www.flipkart.com/product/p/item?pid=COMG9NYDEJDHJZ5Q
COMGCGSTY9RYYCQV,https://www.flipkart.com/product/p/item?pid=COMGCGSTY9RYYCQV
COMGPFPCVF6A6HP3,https://www.flipkart.com/product/p/item?pid=COMGPFPCVF6A6HP3
COMGP8QVFEDKUKCG,https://www.flipkart.com/product/p/item?pid=COMGP8QVFEDKUKCG
COMGPFPC75PFGBJH,https://www.flipkart.com/product/p/item?pid=COMGPFPC75PFGBJH
COMGPFPCYRKGNZ6F,https://www.flipkart.com/product/p/item?pid=COMGPFPCYRKGNZ6F
COMGPFPCEJ5HHXKA,https://www.flipkart.com/product/p/item?pid=COMGPFPCEJ5HHXKA
COMG54MFGCDY2ZDG,https://www.flipkart.com/product/p/item?pid=COMG54MFGCDY2ZDG
COMGPFPCTS9SK94A,https://www.flipkart.com/product/p/item?pid=COMGPFPCTS9SK94A
COMGJ75HSGKRCCSQ,https://www.flipkart.com/product/p/item?pid=COMGJ75HSGKRCCSQ
COMGZU7DESGXXRSH,https://www.flipkart.com/product/p/item?pid=COMGZU7DESGXXRSH
COMGKC6Y69SM7VNP,https://www.flipkart.com/product/p/item?pid=COMGKC6Y69SM7VNP
COMEUYW8HNHQ7VCV,https://www.flipkart.com/product/p/item?pid=COMEUYW8HNHQ7VCV
COMG87FFPEDAAGXW,https://www.flipkart.com/product/p/item?pid=COMG87FFPEDAAGXW
COMGKC6YFXSE7QG4,https://www.flipkart.com/product/p/item?pid=COMGKC6YFXSE7QG4
COMGZMWZUDHRCQCV,https://www.flipkart.com/product/p/item?pid=COMGZMWZUDHRCQCV
COMGMGSJYJE8PGEA,https://www.flipkart.com/product/p/item?pid=COMGMGSJYJE8PGEA
COMGZT6ZK6NHYRZR,https://www.flipkart.com/product/p/item?pid=COMGZT6ZK6NHYRZR
COMGH8YQ5EN2X3T7,https://www.flipkart.com/product/p/item?pid=COMGH8YQ5EN2X3T7
COMGZ7CMDKJZH2BG,https://www.flipkart.com/product/p/item?pid=COMGZ7CMDKJZH2BG
COMGFWCYNB6HSFYR,https://www.flipkart.com/product/p/item?pid=COMGFWCYNB6HSFYR
COMGHJ46ZGSH5NP2,https://www.flipkart.com/product/p/item?pid=COMGHJ46ZGSH5NP2
COMGGJZFSCJ2W7JY,https://www.flipkart.com/product/p/item?pid=COMGGJZFSCJ2W7JY
COMEWGGD7PPP4UZF,https://www.flipkart.com/product/p/item?pid=COMEWGGD7PPP4UZF
COMG3TZGFGYDYGPD,https://www.flipkart.com/product/p/item?pid=COMG3TZGFGYDYGPD
COMGH53NZFJVZEBX,https://www.flipkart.com/product/p/item?pid=COMGH53NZFJVZEBX
COMG3ZHYSKAZYE38,https://www.flipkart.com/product/p/item?pid=COMG3ZHYSKAZYE38
COMGGYEB8F8NP6ZX,https://www.flipkart.com/product/p/item?pid=COMGGYEB8F8NP6ZX
COMG87FF2SD7ZHK6,https://www.flipkart.com/product/p/item?pid=COMG87FF2SD7ZHK6
COMGMNCQZ8UWJ2SF,https://www.flipkart.com/product/p/item?pid=COMGMNCQZ8UWJ2SF
COMGZF32DZFYXPCR,https://www.flipkart.com/product/p/item?pid=COMGZF32DZFYXPCR
COMGBNUMF8CDJZFH,https://www.flipkart.com/product/p/item?pid=COMGBNUMF8CDJZFH
COMGEHP5EFEGWZW5,https://www.flipkart.com/product/p/item?pid=COMGEHP5EFEGWZW5
COMG9NYDCJB3MGFK,https://www.flipkart.com/product/p/item?pid=COMG9NYDCJB3MGFK
COMGFQ4AFESGXSJ3,https://www.flipkart.com/product/p/item?pid=COMGFQ4AFESGXSJ3
COMGZMKFSM3F65NY,https://www.flipkart.com/product/p/item?pid=COMGZMKFSM3F65NY
COMG36BSJWHQDN68,https://www.flipkart.com/product/p/item?pid=COMG36BSJWHQDN68
COMGEHP5MQDBZZPG,https://www.flipkart.com/product/p/item?pid=COMGEHP5MQDBZZPG
COMGZBHZTTXGGXXZ,https://www.flipkart.com/product/p/item?pid=COMGZBHZTTXGGXXZ
COMGGR9SPXCF8RUU,https://www.flipkart.com/product/p/item?pid=COMGGR9SPXCF8RUU
COMF3EN4K9SCFQKU,https://www.flipkart.com/product/p/item?pid=COMF3EN4K9SCFQKU
COMGFWCYX6MHFH97,https://www.flipkart.com/product/p/item?pid=COMGFWCYX6MHFH97
COMFABHZFGVJWXBV,https://www.flipkart.com/product/p/item?pid=COMFABHZFGVJWXBV
COMGBHKF9E65BFZP,https://www.flipkart.com/product/p/item?pid=COMGBHKF9E65BFZP
COMFUZ3JZ6VQZN9Y,https://www.flipkart.com/product/p/item?pid=COMFUZ3JZ6VQZN9Y
COMGMGXFRJJDBJZ9,https://www.flipkart.com/product/p/item?pid=COMGMGXFRJJDBJZ9
COMG3Y4WSKZ5JJAP,https://www.flipkart.com/product/p/item?pid=COMG3Y4WSKZ5JJAP
COMGBSGJMNEZGKS8,https://www.flipkart.com/product/p/item?pid=COMGBSGJMNEZGKS8
COMGCV52JNQGDZJY,https://www.flipkart.com/product/p/item?pid=COMGCV52JNQGDZJY
COMGZMXTZ2UA8WY8,https://www.flipkart.com/product/p/item?pid=COMGZMXTZ2UA8WY8
COMG36BSGU46YWAX,https://www.flipkart.com/product/p/item?pid=COMG36BSGU46YWAX
COMGBNFUHREA8EJN,https://www.flipkart.com/product/p/item?pid=COMGBNFUHREA8EJN
COMGH2WT6AR6RHZJ,https://www.flipkart.com/product/p/item?pid=COMGH2WT6AR6RHZJ
COMGZ763HJFBAHFH,https://www.flipkart.com/product/p/item?pid=COMGZ763HJFBAHFH
COMG62ZCYXBHRFZF,https://www.flipkart.com/product/p/item?pid=COMG62ZCYXBHRFZF
COMGMNCQUA6YCGVT,https://www.flipkart.com/product/p/item?pid=COMGMNCQUA6YCGVT
COMGNY3BTHRQ8MJG,https://www.flipkart.com/product/p/item?pid=COMGNY3BTHRQ8MJG
COMGPNF6PGYZGJXY,https://www.flipkart.com/product/p/item?pid=COMGPNF6PGYZGJXY
COMGFPGXDA6KTNXY,https://www.flipkart.com/product/p/item?pid=COMGFPGXDA6KTNXY
COMGHQ3ZMM5GTPG6,https://www.flipkart.com/product/p/item?pid=COMGHQ3ZMM5GTPG6
COMGPNF6QFNHEU9G,https://www.flipkart.com/product/p/item?pid=COMGPNF6QFNHEU9G
COMGZ5F3P7SB7BAY,https://www.flipkart.com/product/p/item?pid=COMGZ5F3P7SB7BAY
COMGGYRHXFUPTDGM,https://www.flipkart.com/product/p/item?pid=COMGGYRHXFUPTDGM
COMGH3FH8VRWGEBP,https://www.flipkart.com/product/p/item?pid=COMGH3FH8VRWGEBP
COMGGYEBWVKYPSHG,https://www.flipkart.com/product/p/item?pid=COMGGYEBWVKYPSHG
COMGPNF64Y2FV72G,https://www.flipkart.com/product/p/item?pid=COMGPNF64Y2FV72G
COMFVKZG7PEB2J5N,https://www.flipkart.com/product/p/item?pid=COMFVKZG7PEB2J5N
COMGGYEBBQFFPTTN,https://www.flipkart.com/product/p/item?pid=COMGGYEBBQFFPTTN
COMGHMH6HQHQUMEG,https://www.flipkart.com/product/p/item?pid=COMGHMH6HQHQUMEG
COMGD4Y5G53ZV9QF,https://www.flipkart.com/product/p/item?pid=COMGD4Y5G53ZV9QF
COMFFY9MHJM3FEHW,https://www.flipkart.com/product/p/item?pid=COMFFY9MHJM3FEHW
COMG9H9SYUPXXEMF,https://www.flipkart.com/product/p/item?pid=COMG9H9SYUPXXEMF
COMGP8QVDXUHJXDE,https://www.flipkart.com/product/p/item?pid=COMGP8QVDXUHJXDE
COMGZMKF3UAXVYU9,https://www.flipkart.com/product/p/item?pid=COMGZMKF3UAXVYU9
COMGGJQXDWYFUED2,https://www.flipkart.com/product/p/item?pid=COMGGJQXDWYFUED2
COMGCYCEGHGCPEDJ,https://www.flipkart.com/product/p/item?pid=COMGCYCEGHGCPEDJ
COMGP8QVAAGWKCDP,https://www.flipkart.com/product/p/item?pid=COMGP8QVAAGWKCDP
COMGGUV6AKUDZZFR,https://www.flipkart.com/product/p/item?pid=COMGGUV6AKUDZZFR
COMGNRNVW3HHPXFD,https://www.flipkart.com/product/p/item?pid=COMGNRNVW3HHPXFD
COMG36826UHAD8PW,https://www.flipkart.com/product/p/item?pid=COMG36826UHAD8PW
COMGZMKFJ8ERMGJH,https://www.flipkart.com/product/p/item?pid=COMGZMKFJ8ERMGJH
COMGP8QV5USF8QDE,https://www.flipkart.com/product/p/item?pid=COMGP8QV5USF8QDE
COMGENKVSBGRFT3Z,https://www.flipkart.com/product/p/item?pid=COMGENKVSBGRFT3Z
COMGAMGXGNZTYCAC,https://www.flipkart.com/product/p/item?pid=COMGAMGXGNZTYCAC
COMGP3FG5QAZPHKF,https://www.flipkart.com/product/p/item?pid=COMGP3FG5QAZPHKF
COMFTWZDS7SYPES7,https://www.flipkart.com/product/p/item?pid=COMFTWZDS7SYPES7
COMGP8QVZHRWWNZF,https://www.flipkart.com/product/p/item?pid=COMGP8QVZHRWWNZF
COMGP8QVGQ36VP4T,https://www.flipkart.com/product/p/item?pid=COMGP8QVGQ36VP4T
COMGP8QVZQTRCYBX,https://www.flipkart.com/product/p/item?pid=COMGP8QVZQTRCYBX
COMG3P7NVV5NPGRV,https://www.flipkart.com/product/p/item?pid=COMG3P7NVV5NPGRV
COMGZ3S6UGWCS9PR,https://www.flipkart.com/product/p/item?pid=COMGZ3S6UGWCS9PR
COMGPRZYYAZYVXK4,https://www.flipkart.com/product/p/item?pid=COMGPRZYYAZYVXK4
COMGZMHWYM3HH5EH,https://www.flipkart.com/product/p/item?pid=COMGZMHWYM3HH5EH
COMGZ3MYRYGBHCAV,https://www.flipkart.com/product/p/item?pid=COMGZ3MYRYGBHCAV
COMEX3U7UDM6HVCZ,https://www.flipkart.com/product/p/item?pid=COMEX3U7UDM6HVCZ
COMG6EZ2ZFNN6GCW,https://www.flipkart.com/product/p/item?pid=COMG6EZ2ZFNN6GCW
COMGZNSBHNFH7HH5,https://www.flipkart.com/product/p/item?pid=COMGZNSBHNFH7HH5
COMG36BSYCJQMNSW,https://www.flipkart.com/product/p/item?pid=COMG36BSYCJQMNSW
COMG9NYDNTXW37SK,https://www.flipkart.com/product/p/item?pid=COMG9NYDNTXW37SK
COMGP2YUUZGCTWE4,https://www.flipkart.com/product/p/item?pid=COMGP2YUUZGCTWE4
COMGMV6VU38G9B7K,https://www.flipkart.com/product/p/item?pid=COMGMV6VU38G9B7K
COMGPJYMDH7VEKU8,https://www.flipkart.com/product/p/item?pid=COMGPJYMDH7VEKU8
COMGP6ZASZ3CBHFK,https://www.flipkart.com/product/p/item?pid=COMGP6ZASZ3CBHFK
COMGNRNVDFUG9HGG,https://www.flipkart.com/product/p/item?pid=COMGNRNVDFUG9HGG
COMGPFPCQ2BHETTH,https://www.flipkart.com/product/p/item?pid=COMGPFPCQ2BHETTH
COMG2ZZZ57RSWQUG,https://www.flipkart.com/product/p/item?pid=COMG2ZZZ57RSWQUG
COMGGHMEP2NFGUMH,https://www.flipkart.com/product/p/item?pid=COMGGHMEP2NFGUMH
COMG6YYRBH2WM5G5,https://www.flipkart.com/product/p/item?pid=COMG6YYRBH2WM5G5
COMGPZUFEEC4RJGB,https://www.flipkart.com/product/p/item?pid=COMGPZUFEEC4RJGB
COMGPGPRVGKD6H7F,https://www.flipkart.com/product/p/item?pid=COMGPGPRVGKD6H7F
COMGJ75HGP4K6G2W,https://www.flipkart.com/product/p/item?pid=COMGJ75HGP4K6G2W
COMF5FT4FKAMFAKU,https://www.flipkart.com/product/p/item?pid=COMF5FT4FKAMFAKU
COMGZMKFYWTYHDYH,https://www.flipkart.com/product/p/item?pid=COMGZMKFYWTYHDYH
COMGMV6V9Z46EJ3U,https://www.flipkart.com/product/p/item?pid=COMGMV6V9Z46EJ3U
COMGZ5F34DHNDHHF,https://www.flipkart.com/product/p/item?pid=COMGZ5F34DHNDHHF
COMGZR8R59TWSPQZ,https://www.flipkart.com/product/p/item?pid=COMGZR8R59TWSPQZ
COMGM7VXAU6AYDVM,https://www.flipkart.com/product/p/item?pid=COMGM7VXAU6AYDVM
COMGFWCYKH5JAM6Y,https://www.flipkart.com/product/p/item?pid=COMGFWCYKH5JAM6Y
COMGJMGBJHK99WDK,https://www.flipkart.com/product/p/item?pid=COMGJMGBJHK99WDK
COMG99KMN9BS6C7Z,https://www.flipkart.com/product/p/item?pid=COMG99KMN9BS6C7Z
COMGMGXFFMTNJZ7X,https://www.flipkart.com/product/p/item?pid=COMGMGXFFMTNJZ7X
COMG7HHSQFEZDJ5W,https://www.flipkart.com/product/p/item?pid=COMG7HHSQFEZDJ5W
COMGKW2NUQJFVKSC,https://www.flipkart.com/product/p/item?pid=COMGKW2NUQJFVKSC
COMG2K9ZBFJ3ZASR,https://www.flipkart.com/product/p/item?pid=COMG2K9ZBFJ3ZASR
COMGZDQJRRW29FZS,https://www.flipkart.com/product/p/item?pid=COMGZDQJRRW29FZS
COMGKNA6B4E23KPT,https://www.flipkart.com/product/p/item?pid=COMGKNA6B4E23KPT
COMGHF6JXABTUWUR,https://www.flipkart.com/product/p/item?pid=COMGHF6JXABTUWUR
COMGG3S9JRVFZPMY,https://www.flipkart.com/product/p/item?pid=COMGG3S9JRVFZPMY
COMGCRV6RZ4TEEDK,https://www.flipkart.com/product/p/item?pid=COMGCRV6RZ4TEEDK
COMGNPHAXCGDBBDP,https://www.flipkart.com/product/p/item?pid=COMGNPHAXCGDBBDP
COMGQATYNNAXZM2S,https://www.flipkart.com/product/p/item?pid=COMGQATYNNAXZM2S
COMGZMKFGHTGPDRU,https://www.flipkart.com/product/p/item?pid=COMGZMKFGHTGPDRU
COMFQFG9VFZ3BMHD,https://www.flipkart.com/product/p/item?pid=COMFQFG9VFZ3BMHD
COMGZTFDZGCSMG8Y,https://www.flipkart.com/product/p/item?pid=COMGZTFDZGCSMG8Y
COMGM2MAYMKMTT4W,https://www.flipkart.com/product/p/item?pid=COMGM2MAYMKMTT4W
COMGZVGHDFPZKD4X,https://www.flipkart.com/product/p/item?pid=COMGZVGHDFPZKD4X
COMEQBGDGHYZAX4G,https://www.flipkart.com/product/p/item?pid=COMEQBGDGHYZAX4G
COMGZNSBS7Z959EW,https://www.flipkart.com/product/p/item?pid=COMGZNSBS7Z959EW
COMGNGEBH8WZCXZN,https://www.flipkart.com/product/p/item?pid=COMGNGEBH8WZCXZN
COMG4BX9FCPBCCRW,https://www.flipkart.com/product/p/item?pid=COMG4BX9FCPBCCRW
COMGP8QVTK3EQDXE,https://www.flipkart.com/product/p/item?pid=COMGP8QVTK3EQDXE
COMF7US7QH7WHGA5,https://www.flipkart.com/product/p/item?pid=COMF7US7QH7WHGA5
COMGZ5F3BTZ7QEVD,https://www.flipkart.com/product/p/item?pid=COMGZ5F3BTZ7QEVD
COMGZMKFXVECFKC8,https://www.flipkart.com/product/p/item?pid=COMGZMKFXVECFKC8
COMGZS9GYMHMGDT6,https://www.flipkart.com/product/p/item?pid=COMGZS9GYMHMGDT6
COMGGH4KUZFVRQ2Z,https://www.flipkart.com/product/p/item?pid=COMGGH4KUZFVRQ2Z
COMFVSYVAM3MPYEH,https://www.flipkart.com/product/p/item?pid=COMFVSYVAM3MPYEH
COMGPXMKYMBK2CQA,https://www.flipkart.com/product/p/item?pid=COMGPXMKYMBK2CQA
COMGDRC9UUY5NDRR,https://www.flipkart.com/product/p/item?pid=COMGDRC9UUY5NDRR
COMGF3B7K5FAXBXV,https://www.flipkart.com/product/p/item?pid=COMGF3B7K5FAXBXV
COMGP22NZZSRJKWC,https://www.flipkart.com/product/p/item?pid=COMGP22NZZSRJKWC
COMG4J5GAFCYD4RP,https://www.flipkart.com/product/p/item?pid=COMG4J5GAFCYD4RP
COMG4WZ7FBP4SDAA,https://www.flipkart.com/product/p/item?pid=COMG4WZ7FBP4SDAA
COMGHJ46TMZFEPYE,https://www.flipkart.com/product/p/item?pid=COMGHJ46TMZFEPYE
COMGPU47KZHXAACH,https://www.flipkart.com/product/p/item?pid=COMGPU47KZHXAACH
COMGPXFYQFGBD3DT,https://www.flipkart.com/product/p/item?pid=COMGPXFYQFGBD3DT
COMFG9YRKW6YM6WX,https://www.flipkart.com/product/p/item?pid=COMFG9YRKW6YM6WX
COMGP22NMZQ5JN6T,https://www.flipkart.com/product/p/item?pid=COMGP22NMZQ5JN6T
COMGPNG4TCUJRPK2,https://www.flipkart.com/product/p/item?pid=COMGPNG4TCUJRPK2
COMGJ75HHG7U3ZSG,https://www.flipkart.com/product/p/item?pid=COMGJ75HHG7U3ZSG
COMFC9JMMQUZFEFS,https://www.flipkart.com/product/p/item?pid=COMFC9JMMQUZFEFS
COMGPNG4ZJAFR3PH,https://www.flipkart.com/product/p/item?pid=COMGPNG4ZJAFR3PH
COMGPUDYNVSXBW4W,https://www.flipkart.com/product/p/item?pid=COMGPUDYNVSXBW4W
COMGGBGRYJF4RN9S,https://www.flipkart.com/product/p/item?pid=COMGGBGRYJF4RN9S
COMGFWCYMWQHUABW,https://www.flipkart.com/product/p/item?pid=COMGFWCYMWQHUABW
COMGMFK7MHZWV5YY,https://www.flipkart.com/product/p/item?pid=COMGMFK7MHZWV5YY
COMGJ75HBFWSDCTR,https://www.flipkart.com/product/p/item?pid=COMGJ75HBFWSDCTR
COMGH3UFXZYZE6AG,https://www.flipkart.com/product/p/item?pid=COMGH3UFXZYZE6AG
COMGP9ZV4FSVGVGP,https://www.flipkart.com/product/p/item?pid=COMGP9ZV4FSVGVGP
COMFDGW3EHXBFHG2,https://www.flipkart.com/product/p/item?pid=COMFDGW3EHXBFHG2
COMGM7VX2GEKUXNC,https://www.flipkart.com/product/p/item?pid=COMGM7VX2GEKUXNC
COMG5AYMDY4WBVWP,https://www.flipkart.com/product/p/item?pid=COMG5AYMDY4WBVWP
COMGHH37EFVWF9KV,https://www.flipkart.com/product/p/item?pid=COMGHH37EFVWF9KV
COMGPQEXKNS6N2ZM,https://www.flipkart.com/product/p/item?pid=COMGPQEXKNS6N2ZM
COMGH8YQSUUZTXWG,https://www.flipkart.com/product/p/item?pid=COMGH8YQSUUZTXWG
COMGF3324VCUJTUF,https://www.flipkart.com/product/p/item?pid=COMGF3324VCUJTUF
COMG3ZF8XRZAHVT7,https://www.flipkart.com/product/p/item?pid=COMG3ZF8XRZAHVT7
COMGCRFYZF5TK7ZU,https://www.flipkart.com/product/p/item?pid=COMGCRFYZF5TK7ZU
COMGEHP5T7J9M7U7,https://www.flipkart.com/product/p/item?pid=COMGEHP5T7J9M7U7
COMGPPGPXUCMF7JG,https://www.flipkart.com/product/p/item?pid=COMGPPGPXUCMF7JG
COMGZKHQHERZG2RP,https://www.flipkart.com/product/p/item?pid=COMGZKHQHERZG2RP
COMGH2WTEJHQSAQY,https://www.flipkart.com/product/p/item?pid=COMGH2WTEJHQSAQY
COMGHA9RB2HCTRR9,https://www.flipkart.com/product/p/item?pid=COMGHA9RB2HCTRR9
COMGFRHGEBGTUX96,https://www.flipkart.com/product/p/item?pid=COMGFRHGEBGTUX96
COMGZDQJYMNVAJCE,https://www.flipkart.com/product/p/item?pid=COMGZDQJYMNVAJCE
COMGHMQAWY4J78QH,https://www.flipkart.com/product/p/item?pid=COMGHMQAWY4J78QH
COMGJPSURQFFEFS9,https://www.flipkart.com/product/p/item?pid=COMGJPSURQFFEFS9
COMGJ75HJTPNGAFD,https://www.flipkart.com/product/p/item?pid=COMGJ75HJTPNGAFD
COMGP4JAYAJDKAUE,https://www.flipkart.com/product/p/item?pid=COMGP4JAYAJDKAUE
COMGD6KGRF4CZ2PB,https://www.flipkart.com/product/p/item?pid=COMGD6KGRF4CZ2PB
COMFXU6PYJXDWZD3,https://www.flipkart.com/product/p/item?pid=COMFXU6PYJXDWZD3
COMGGJZFVXYDGQBR,https://www.flipkart.com/product/p/item?pid=COMGGJZFVXYDGQBR
COMGH2WT8TVQ5H6T,https://www.flipkart.com/product/p/item?pid=COMGH2WT8TVQ5H6T
COMGCVHM7TAJFGNB,https://www.flipkart.com/product/p/item?pid=COMGCVHM7TAJFGNB
COMGH3UF7RZ7MUC4,https://www.flipkart.com/product/p/item?pid=COMGH3UF7RZ7MUC4
COMGZDQJBTAFSUMY,https://www.flipkart.com/product/p/item?pid=COMGZDQJBTAFSUMY
COMGJ75H9TH3ZGTD,https://www.flipkart.com/product/p/item?pid=COMGJ75H9TH3ZGTD
COMGB6DZZVHY7J6K,https://www.flipkart.com/product/p/item?pid=COMGB6DZZVHY7J6K
COMGE73KEFYBU8A9,https://www.flipkart.com/product/p/item?pid=COMGE73KEFYBU8A9
COMGBHZBMTQDSGEH,https://www.flipkart.com/product/p/item?pid=COMGBHZBMTQDSGEH
COMGC3HZSD5563YC,https://www.flipkart.com/product/p/item?pid=COMGC3HZSD5563YC
COMG9NYDGGGKQH4G,https://www.flipkart.com/product/p/item?pid=COMG9NYDGGGKQH4G
COMGZVGHGYG4A3V2,https://www.flipkart.com/product/p/item?pid=COMGZVGHGYG4A3V2
COMGEHP5F28TYVZC,https://www.flipkart.com/product/p/item?pid=COMGEHP5F28TYVZC
COMFQFG9GJNTT67S,https://www.flipkart.com/product/p/item?pid=COMFQFG9GJNTT67S
COMFHKKHKPRRG3ZZ,https://www.flipkart.com/product/p/item?pid=COMFHKKHKPRRG3ZZ
COMGBH9JUPSVKGGV,https://www.flipkart.com/product/p/item?pid=COMGBH9JUPSVKGGV
COMGHSHJWYGVVEBZ,https://www.flipkart.com/product/p/item?pid=COMGHSHJWYGVVEBZ
COMG24PGWEJEQCZN,https://www.flipkart.com/product/p/item?pid=COMG24PGWEJEQCZN
COMG5RQ2HEYHCJEC,https://www.flipkart.com/product/p/item?pid=COMG5RQ2HEYHCJEC
COMGHQYYV5YWBSVY,https://www.flipkart.com/product/p/item?pid=COMGHQYYV5YWBSVY
COMGGZ4WS3SAMB8Z,https://www.flipkart.com/product/p/item?pid=COMGGZ4WS3SAMB8Z
COMG6D9UBWS3PB2J,https://www.flipkart.com/product/p/item?pid=COMG6D9UBWS3PB2J
COMFWXWJX8GKZ57Y,https://www.flipkart.com/product/p/item?pid=COMFWXWJX8GKZ57Y
COMGZUPTMS35YZC8,https://www.flipkart.com/product/p/item?pid=COMGZUPTMS35YZC8
COMGHF2FPVYK3F4Y,https://www.flipkart.com/product/p/item?pid=COMGHF2FPVYK3F4Y
COMGHGYYTPVDHR4D,https://www.flipkart.com/product/p/item?pid=COMGHGYYTPVDHR4D
COMFVSRGMR6GZDXV,https://www.flipkart.com/product/p/item?pid=COMFVSRGMR6GZDXV
COMGPC5U8TZ9QPWW,https://www.flipkart.com/product/p/item?pid=COMGPC5U8TZ9QPWW
COMGMV9SGSFNZ8GD,https://www.flipkart.com/product/p/item?pid=COMGMV9SGSFNZ8GD
COMG26RVGAMPPUGS,https://www.flipkart.com/product/p/item?pid=COMG26RVGAMPPUGS
COMG4HYPMXYZHYR4,https://www.flipkart.com/product/p/item?pid=COMG4HYPMXYZHYR4
COMGAEHJ4BYZZEJJ,https://www.flipkart.com/product/p/item?pid=COMGAEHJ4BYZZEJJ
COMGGBGRCKYM3DXR,https://www.flipkart.com/product/p/item?pid=COMGGBGRCKYM3DXR
COMG4ZYCJZA8YNKX,https://www.flipkart.com/product/p/item?pid=COMG4ZYCJZA8YNKX
COMG6VRPCDUFX6X4,https://www.flipkart.com/product/p/item?pid=COMG6VRPCDUFX6X4
COMGFXGJSFZYY4AK,https://www.flipkart.com/product/p/item?pid=COMGFXGJSFZYY4AK
COMGFHMBCSTHRYQA,https://www.flipkart.com/product/p/item?pid=COMGFHMBCSTHRYQA
COMGZ54YHGDHHSH8,https://www.flipkart.com/product/p/item?pid=COMGZ54YHGDHHSH8
COMGGYEBSGX9SEBG,https://www.flipkart.com/product/p/item?pid=COMGGYEBSGX9SEBG
COMGGYEBNC6XDG4W,https://www.flipkart.com/product/p/item?pid=COMGGYEBNC6XDG4W
COMGZDQJTHBWRG2F,https://www.flipkart.com/product/p/item?pid=COMGZDQJTHBWRG2F
COMGHQYYZAPDVHGJ,https://www.flipkart.com/product/p/item?pid=COMGHQYYZAPDVHGJ
COMGH53NRC3F9ZCP,https://www.flipkart.com/product/p/item?pid=COMGH53NRC3F9ZCP
COMFW3FVS4AMZHKN,https://www.flipkart.com/product/p/item?pid=COMFW3FVS4AMZHKN
COMGD2ZRJE2DDPGM,https://www.flipkart.com/product/p/item?pid=COMGD2ZRJE2DDPGM
COMGFH7UHDMFGW2A,https://www.flipkart.com/product/p/item?pid=COMGFH7UHDMFGW2A
COMFVNK6TZQ9GRB6,https://www.flipkart.com/product/p/item?pid=COMFVNK6TZQ9GRB6
COMGH3CDHYZSAX6F,https://www.flipkart.com/product/p/item?pid=COMGH3CDHYZSAX6F
COMFVKZG5G4Y99G7,https://www.flipkart.com/product/p/item?pid=COMFVKZG5G4Y99G7
COMG6F878EDPPGEY,https://www.flipkart.com/product/p/item?pid=COMG6F878EDPPGEY
COMGMGSJY7Q2QHAF,https://www.flipkart.com/product/p/item?pid=COMGMGSJY7Q2QHAF
COMGZNSBMUR7S8WY,https://www.flipkart.com/product/p/item?pid=COMGZNSBMUR7S8WY
COMGZ4PNFZMMUQQB,https://www.flipkart.com/product/p/item?pid=COMGZ4PNFZMMUQQB
COMG5KXYKZBETMAE,https://www.flipkart.com/product/p/item?pid=COMG5KXYKZBETMAE
COMGZ4PNVKKPW59C,https://www.flipkart.com/product/p/item?pid=COMGZ4PNVKKPW59C
COMGFPH2ZWTDZHK6,https://www.flipkart.com/product/p/item?pid=COMGFPH2ZWTDZHK6
COMGDQHJGJXPQYY9,https://www.flipkart.com/product/p/item?pid=COMGDQHJGJXPQYY9
COMGJ75HHZZ22GKF,https://www.flipkart.com/product/p/item?pid=COMGJ75HHZZ22GKF
COMG4S3GVRJR8KHS,https://www.flipkart.com/product/p/item?pid=COMG4S3GVRJR8KHS
COMGY8RDVK5TZGFC,https://www.flipkart.com/product/p/item?pid=COMGY8RDVK5TZGFC
COMGKYGD2MMZC54Z,https://www.flipkart.com/product/p/item?pid=COMGKYGD2MMZC54Z
COMG3FHBHHVQFVH8,https://www.flipkart.com/product/p/item?pid=COMG3FHBHHVQFVH8
COMGMGXF2U4ZJXVS,https://www.flipkart.com/product/p/item?pid=COMGMGXF2U4ZJXVS
COMGZNSBZMYMNUFU,https://www.flipkart.com/product/p/item?pid=COMGZNSBZMYMNUFU
COMGNZ6WHKSHKHYJ,https://www.flipkart.com/product/p/item?pid=COMGNZ6WHKSHKHYJ
COMGH2NJCZXMBHEG,https://www.flipkart.com/product/p/item?pid=COMGH2NJCZXMBHEG
COMGH8YQNBPF3WWP,https://www.flipkart.com/product/p/item?pid=COMGH8YQNBPF3WWP
COMGNFY5EDHT5GPF,https://www.flipkart.com/product/p/item?pid=COMGNFY5EDHT5GPF
COMGFWCYWQ2KEQYW,https://www.flipkart.com/product/p/item?pid=COMGFWCYWQ2KEQYW
COMFY8QXBGN8CZRB,https://www.flipkart.com/product/p/item?pid=COMFY8QXBGN8CZRB
COMGMGXFNWASKGZ4,https://www.flipkart.com/product/p/item?pid=COMGMGXFNWASKGZ4
COMFUZ3JTAJ2SQ85,https://www.flipkart.com/product/p/item?pid=COMFUZ3JTAJ2SQ85
COMG56SQHHEUNGJP,https://www.flipkart.com/product/p/item?pid=COMG56SQHHEUNGJP
COMGZWG4GVX8T7T7,https://www.flipkart.com/product/p/item?pid=COMGZWG4GVX8T7T7
COMGHY4DFFQC2ZHW,https://www.flipkart.com/product/p/item?pid=COMGHY4DFFQC2ZHW
COMGZDQJAHZJUHNS,https://www.flipkart.com/product/p/item?pid=COMGZDQJAHZJUHNS
COMGFSNUHPZHSYHR,https://www.flipkart.com/product/p/item?pid=COMGFSNUHPZHSYHR
COMGQA2VNERMJMDD,https://www.flipkart.com/product/p/item?pid=COMGQA2VNERMJMDD
COMGEWY45BMTDPET,https://www.flipkart.com/product/p/item?pid=COMGEWY45BMTDPET
COMFG9ZVFU27DCFW,https://www.flipkart.com/product/p/item?pid=COMFG9ZVFU27DCFW
COMGCPSUGM4VNZQN,https://www.flipkart.com/product/p/item?pid=COMGCPSUGM4VNZQN
COMG55HHHTHGWZ5Q,https://www.flipkart.com/product/p/item?pid=COMG55HHHTHGWZ5Q
COMFG9ZVHCWVNHZT,https://www.flipkart.com/product/p/item?pid=COMFG9ZVHCWVNHZT
COMGZMVFQGYYERFC,https://www.flipkart.com/product/p/item?pid=COMGZMVFQGYYERFC
COMGCNKD9QFSHUYP,https://www.flipkart.com/product/p/item?pid=COMGCNKD9QFSHUYP
COMGZVDP2FG3HNKY,https://www.flipkart.com/product/p/item?pid=COMGZVDP2FG3HNKY
COMGP8QVZG4VGXSC,https://www.flipkart.com/product/p/item?pid=COMGP8QVZG4VGXSC
COMGPU47H53ZHMHJ,https://www.flipkart.com/product/p/item?pid=COMGPU47H53ZHMHJ
COMG666GCXWNZJEA,https://www.flipkart.com/product/p/item?pid=COMG666GCXWNZJEA
COMGP8QVABHGJBKD,https://www.flipkart.com/product/p/item?pid=COMGP8QVABHGJBKD
COMGKC6Y2WKZNUCQ,https://www.flipkart.com/product/p/item?pid=COMGKC6Y2WKZNUCQ
COMG3ZF8XMYZVJZ4,https://www.flipkart.com/product/p/item?pid=COMG3ZF8XMYZVJZ4
COMFTZ8FD2UNBYFM,https://www.flipkart.com/product/p/item?pid=COMFTZ8FD2UNBYFM
COMGMGXF9HMY69WF,https://www.flipkart.com/product/p/item?pid=COMGMGXF9HMY69WF
COMGGDD5RDGGRNZ3,https://www.flipkart.com/product/p/item?pid=COMGGDD5RDGGRNZ3
COMGP22NPAFSWBXD,https://www.flipkart.com/product/p/item?pid=COMGP22NPAFSWBXD
COMGCYF9EZKKPEWD,https://www.flipkart.com/product/p/item?pid=COMGCYF9EZKKPEWD
COMGPU47X9DMGZF6,https://www.flipkart.com/product/p/item?pid=COMGPU47X9DMGZF6
COMGP8QVMAK7HMZT,https://www.flipkart.com/product/p/item?pid=COMGP8QVMAK7HMZT
COMGPU47AYGUUBCJ,https://www.flipkart.com/product/p/item?pid=COMGPU47AYGUUBCJ
COMGKEMF3GH4NV8V,https://www.flipkart.com/product/p/item?pid=COMGKEMF3GH4NV8V
COMGPU47EPDNWPAX,https://www.flipkart.com/product/p/item?pid=COMGPU47EPDNWPAX
COMGZ3SPYQJDEJWQ,https://www.flipkart.com/product/p/item?pid=COMGZ3SPYQJDEJWQ
COMG442GHMXS9YNX,https://www.flipkart.com/product/p/item?pid=COMG442GHMXS9YNX
COMGJ4YGNM5ZBMVH,https://www.flipkart.com/product/p/item?pid=COMGJ4YGNM5ZBMVH
COMG6D9UGTFHK5SF,https://www.flipkart.com/product/p/item?pid=COMG6D9UGTFHK5SF
COMGZ68Q32EUHZCN,https://www.flipkart.com/product/p/item?pid=COMGZ68Q32EUHZCN
COMG9NYDYEH382TD,https://www.flipkart.com/product/p/item?pid=COMG9NYDYEH382TD
COMG6ZFCB5CP39HX,https://www.flipkart.com/product/p/item?pid=COMG6ZFCB5CP39HX
COMGHHVPAPKVVCKG,https://www.flipkart.com/product/p/item?pid=COMGHHVPAPKVVCKG
COMFTXCFX6GRXGJW,https://www.flipkart.com/product/p/item?pid=COMFTXCFX6GRXGJW
COMGGBGRGYT9MNXV,https://www.flipkart.com/product/p/item?pid=COMGGBGRGYT9MNXV
COMFVKZG6HAWKPMY,https://www.flipkart.com/product/p/item?pid=COMFVKZG6HAWKPMY
COMFTXCFBFKDK5TP,https://www.flipkart.com/product/p/item?pid=COMFTXCFBFKDK5TP
COMFCUPMTAM8K6EK,https://www.flipkart.com/product/p/item?pid=COMFCUPMTAM8K6EK
COMFVW9TT73PM9QH,https://www.flipkart.com/product/p/item?pid=COMFVW9TT73PM9QH
COMGD7BZ6RYVB24Y,https://www.flipkart.com/product/p/item?pid=COMGD7BZ6RYVB24Y
COMGZBHZ5ZTPKTDZ,https://www.flipkart.com/product/p/item?pid=COMGZBHZ5ZTPKTDZ
COMGG23CYN8HX6CS,https://www.flipkart.com/product/p/item?pid=COMGG23CYN8HX6CS
COMFW3FVGFJGECKR,https://www.flipkart.com/product/p/item?pid=COMFW3FVGFJGECKR
COMG36BSV74DD6JX,https://www.flipkart.com/product/p/item?pid=COMG36BSV74DD6JX
COMGFSNU8VEAMFYR,https://www.flipkart.com/product/p/item?pid=COMGFSNU8VEAMFYR
COMG2PZ3FHFK6XNQ,https://www.flipkart.com/product/p/item?pid=COMG2PZ3FHFK6XNQ
COMGMV7WA2VYJGHZ,https://www.flipkart.com/product/p/item?pid=COMGMV7WA2VYJGHZ
COMGDJPHTHD4JJNG,https://www.flipkart.com/product/p/item?pid=COMGDJPHTHD4JJNG
